wall,sim,lingueta_mm,lamina_deg,estado,fase,armvel_nz,armvel_n
1788466719.72,0.00,-0.00,28.70,,,0,0
1788466720.01,540.64,-0.01,28.70,,,0,0
1788466720.01,540.65,0.00,28.70,,,0,0
1788466720.11,540.75,0.00,28.70,,,0,0
1788466720.22,540.85,0.00,28.70,,,0,0
1788466720.31,540.95,-0.00,28.70,,,0,0
1788466720.42,541.04,-0.00,28.70,,,0,0
1788466720.52,541.14,-0.00,28.70,,,0,0
1788466720.61,541.24,0.00,28.70,,,0,0
1788466720.71,541.34,0.00,28.70,,,0,0
1788466720.82,541.44,0.01,28.70,,,0,0
1788466720.92,541.55,0.00,0.00,,,0,0
1788466721.02,541.64,0.00,0.00,,,0,0
1788466721.12,541.75,-0.01,0.00,,,0,0
1788466721.22,541.85,-0.00,0.00,,,0,0
1788466721.32,541.95,0.00,0.00,,,0,0
1788466721.42,542.04,0.01,0.00,,,0,0
1788466721.53,542.15,0.00,0.00,,,0,0
1788466721.62,542.25,0.01,0.00,,,0,0
1788466721.72,542.34,0.01,0.00,,,0,0
1788466721.83,542.45,-0.00,0.00,,,0,0
1788466721.93,542.54,0.00,0.00,,,0,0
1788466722.03,542.65,-0.00,0.00,,,0,0
1788466722.13,542.74,0.00,0.00,,,0,0
1788466722.23,542.84,0.01,0.00,,,0,0
1788466722.33,542.94,-0.00,0.00,,,0,0
1788466722.43,543.04,-0.00,0.00,,,0,0
1788466722.53,543.14,0.00,0.00,,,0,0
1788466722.63,543.24,-0.00,0.00,,,0,0
1788466722.73,543.35,0.00,0.00,,,0,0
1788466722.83,543.45,0.00,0.00,,,0,0
1788466722.93,543.54,0.01,0.00,,,0,0
1788466723.03,543.64,0.00,0.00,,,0,0
1788466723.13,543.74,-0.00,0.00,,,0,0
1788466723.24,543.85,0.00,0.00,,,0,0
1788466723.33,543.94,0.01,0.00,,,0,0
1788466723.43,544.04,0.00,0.00,,,0,0
1788466723.54,544.14,0.00,0.00,,,0,0
1788466723.64,544.24,0.00,0.00,,,0,0
1788466723.74,544.35,0.00,0.00,,,0,0
1788466723.84,544.44,-0.00,0.00,,,0,0
1788466723.94,544.55,-0.00,0.00,,,0,0
1788466724.04,544.64,0.00,0.00,,,0,0
1788466724.14,544.74,-0.00,0.00,,,0,0
1788466724.24,544.85,0.01,0.00,,,0,0
1788466724.34,544.94,0.00,0.00,,,0,0
1788466724.44,545.04,0.00,0.00,,,0,0
1788466724.54,545.15,0.01,0.00,,,0,0
1788466724.65,545.25,0.00,0.00,,,0,0
1788466724.75,545.34,0.01,0.00,,,0,0
1788466724.85,545.44,0.00,0.00,,,0,0
1788466724.95,545.54,0.00,0.00,,,0,0
1788466725.05,545.64,0.00,0.00,,,0,0
1788466725.15,545.75,0.01,0.00,,,0,0
1788466725.25,545.85,-0.00,0.00,,,0,0
1788466725.35,545.94,-0.00,0.00,,,0,0
1788466725.45,546.04,0.00,0.00,,,0,0
1788466725.55,546.14,-0.00,0.00,,,0,0
1788466725.65,546.24,0.00,0.00,,,0,0
1788466725.75,546.34,0.01,0.00,,,0,0
1788466725.86,546.45,0.01,0.00,,,0,0
1788466725.96,546.54,0.01,0.00,,,0,0
1788466726.06,546.64,0.00,0.00,,,0,0
1788466726.16,546.75,0.00,0.00,,,0,0
1788466726.26,546.84,0.01,0.00,,,0,0
1788466726.36,546.95,0.01,0.00,,,0,0
1788466726.46,547.04,0.01,0.00,,,0,0
1788466726.56,547.14,-0.00,0.00,,,0,0
1788466726.66,547.24,0.00,0.00,,,0,0
1788466726.80,547.35,0.00,0.00,,,0,0
1788466726.89,547.44,-0.00,0.00,,,0,0
1788466726.99,547.54,0.01,0.00,,,0,0
1788466727.09,547.64,-0.00,0.00,,,0,0
1788466727.22,547.75,-0.00,0.00,,,0,0
1788466727.32,547.84,0.00,0.00,,,0,0
1788466727.41,547.94,0.01,0.00,,,0,0
1788466727.51,548.04,-0.00,0.00,,,0,0
1788466727.62,548.15,-0.00,0.00,,,0,0
1788466727.72,548.24,-0.00,0.00,STOW_INIT,,0,0
1788466727.82,548.34,0.01,0.00,STOW_INIT,,0,1
1788466727.92,548.44,0.00,0.00,STOW_INIT,,0,0
1788466728.02,548.54,0.00,0.00,STOW_INIT,,0,0
1788466728.12,548.64,-0.00,0.00,STOW_INIT,,0,0
1788466728.23,548.75,0.01,0.00,SEARCH,,0,0
1788466728.33,548.85,0.00,0.00,SEARCH,,0,0
1788466728.43,548.95,0.00,0.00,SEARCH,,0,0
1788466728.53,549.04,0.00,0.00,SEARCH,,0,0
1788466728.64,549.15,0.00,0.00,SEARCH,,0,0
1788466728.74,549.24,0.00,0.00,SEARCH,,0,0
1788466728.84,549.35,0.00,0.00,SEARCH,,0,0
1788466728.94,549.44,0.00,0.00,SEARCH,,0,0
1788466729.04,549.54,0.00,0.00,SEARCH,,0,0
1788466729.14,549.64,0.00,0.00,SEARCH,,0,0
1788466729.24,549.75,0.01,0.00,SEARCH,,0,0
1788466729.34,549.85,0.01,0.00,SEARCH,,0,0
1788466729.44,549.94,0.00,0.00,SEARCH,,0,0
1788466729.55,550.05,-0.00,0.00,SEARCH,,0,0
1788466729.64,550.14,0.01,0.00,SEARCH,,0,0
1788466729.75,550.25,-0.00,0.00,SEARCH,,0,0
1788466729.85,550.35,-0.00,0.00,SEARCH,,0,0
1788466729.95,550.45,0.00,0.00,SEARCH,,0,0
1788466730.05,550.55,-0.00,0.00,SEARCH,,0,0
1788466730.16,550.64,0.00,0.00,SEARCH,,0,0
1788466730.26,550.75,0.00,0.00,SEARCH,,0,0
1788466730.36,550.84,0.00,0.00,SEARCH,,0,0
1788466730.46,550.95,-0.00,0.00,SEARCH,,0,0
1788466730.56,551.05,0.00,0.00,SEARCH,,0,0
1788466730.66,551.14,0.01,0.00,SEARCH,,0,0
1788466730.76,551.24,0.01,0.00,SEARCH,,0,0
1788466730.86,551.35,0.00,0.00,SEARCH,,0,0
1788466730.96,551.44,0.00,0.00,SEARCH,,0,0
1788466731.06,551.54,-0.00,0.00,SEARCH,,0,0
1788466731.16,551.64,0.00,0.00,SEARCH,,0,0
1788466731.27,551.75,0.01,0.00,SEARCH,,0,0
1788466731.37,551.85,-0.00,0.00,SEARCH,,0,0
1788466731.47,551.95,0.01,0.00,SEARCH,,0,0
1788466731.57,552.04,0.01,0.00,SEARCH,,0,0
1788466731.67,552.14,0.01,0.00,SEARCH,,0,0
1788466731.77,552.24,-0.00,0.00,SEARCH,,0,0
1788466731.87,552.35,0.00,0.00,SEARCH,,0,0
1788466731.98,552.45,0.01,0.00,SEARCH,,0,0
1788466732.08,552.55,0.00,0.00,SEARCH,,0,0
1788466732.18,552.65,-0.00,0.00,SEARCH,,0,0
1788466732.28,552.74,-0.00,0.00,SEARCH,,0,0
1788466732.38,552.84,0.00,0.00,SEARCH,,0,0
1788466732.48,552.94,0.00,0.00,SEARCH,,0,0
1788466732.58,553.04,0.01,0.00,SEARCH,,0,0
1788466732.68,553.14,0.01,0.00,SEARCH,,0,0
1788466732.78,553.24,0.00,0.00,SEARCH,,0,0
1788466732.88,553.35,0.00,0.00,SEARCH,,0,0
1788466732.98,553.44,-0.01,0.00,SEARCH,,0,0
1788466733.08,553.55,0.01,0.00,SEARCH,,0,0
1788466733.18,553.64,-0.00,0.00,SEARCH,,0,0
1788466733.28,553.75,0.00,0.00,SEARCH,,0,0
1788466733.39,553.85,-0.00,0.00,SEARCH,,0,0
1788466733.49,553.94,0.01,0.00,SEARCH,,0,0
1788466733.59,554.04,-0.00,0.00,SEARCH,,0,0
1788466733.69,554.14,-0.00,0.00,SEARCH,,0,0
1788466733.79,554.24,0.01,0.00,SEARCH,,0,0
1788466733.89,554.35,0.00,0.00,SEARCH,,0,0
1788466733.99,554.44,0.00,0.00,SEARCH,,0,0
1788466734.09,554.54,0.01,0.00,SEARCH,,0,0
1788466734.19,554.64,0.00,0.00,SEARCH,,0,0
1788466734.29,554.74,0.01,0.00,SEARCH,,0,0
1788466734.39,554.84,-0.00,0.00,SEARCH,,0,0
1788466734.50,554.95,0.00,0.00,SEARCH,,0,0
1788466734.59,555.04,-0.00,0.00,SEARCH,,0,0
1788466734.69,555.14,0.01,0.00,SEARCH,,0,0
1788466734.80,555.24,0.01,0.00,SEARCH,,0,0
1788466734.90,555.35,0.00,0.00,SEARCH,,0,0
1788466735.00,555.45,0.01,0.00,SEARCH,,0,0
1788466735.10,555.54,0.00,0.00,SEARCH,,0,0
1788466735.20,555.65,0.01,0.00,SEARCH,,0,0
1788466735.30,555.75,0.01,0.00,SEARCH,,0,0
1788466735.40,555.84,-0.00,0.00,SEARCH,,0,0
1788466735.50,555.94,-0.00,0.00,SEARCH,,0,0
1788466735.60,556.04,0.01,0.00,SEARCH,,0,0
1788466735.70,556.14,0.00,0.00,SEARCH,,0,0
1788466735.81,556.25,0.00,0.00,SEARCH,,0,0
1788466735.90,556.34,-0.00,0.00,SEARCH,,0,0
1788466736.01,556.45,0.00,0.00,SEARCH,,0,0
1788466736.11,556.54,-0.01,0.00,SEARCH,,0,0
1788466736.21,556.65,-0.00,0.00,SEARCH,,0,0
1788466736.31,556.75,0.00,0.00,SEARCH,,0,0
1788466736.41,556.85,-0.00,0.00,SEARCH,,0,0
1788466736.52,556.95,0.00,0.00,SEARCH,,0,0
1788466736.62,557.05,-0.00,0.00,SEARCH,,0,0
1788466736.72,557.14,0.00,0.00,SEARCH,,0,0
1788466736.82,557.24,-0.00,0.00,SEARCH,,0,0
1788466736.92,557.35,0.00,0.00,SEARCH,,0,0
1788466737.02,557.45,-0.00,0.00,SEARCH,,0,0
1788466737.12,557.54,-0.00,0.00,SEARCH,,0,0
1788466737.22,557.64,0.00,0.00,SEARCH,,0,0
1788466737.33,557.74,0.01,0.00,SEARCH,,0,0
1788466737.43,557.85,-0.00,0.00,SEARCH,,0,0
1788466737.53,557.94,0.01,0.00,SEARCH,,0,0
1788466737.63,558.04,0.01,0.00,SEARCH,,0,0
1788466737.73,558.15,0.00,0.00,SEARCH,,0,0
1788466737.83,558.24,0.01,0.00,SEARCH,,0,0
1788466737.93,558.35,0.01,0.00,SEARCH,,0,0
1788466738.04,558.45,-0.00,0.00,SEARCH,,0,0
1788466738.14,558.55,-0.00,0.00,SEARCH,,0,0
1788466738.24,558.64,-0.00,0.00,SEARCH,,0,0
1788466738.34,558.75,0.00,0.00,SEARCH,,0,0
1788466738.44,558.85,0.01,0.00,SEARCH,,0,0
1788466738.54,558.94,-0.00,0.00,SEARCH,,0,0
1788466738.64,559.04,-0.00,0.00,SEARCH,,0,0
1788466738.74,559.15,0.01,0.00,SEARCH,,0,0
1788466738.84,559.24,0.01,0.00,SEARCH,,0,0
1788466738.94,559.35,0.00,0.00,SEARCH,,0,0
1788466739.04,559.44,-0.00,0.00,SEARCH,,0,0
1788466739.14,559.54,0.00,0.00,SEARCH,,0,0
1788466739.24,559.64,-0.00,0.00,SEARCH,,0,0
1788466739.35,559.75,0.00,0.00,SEARCH,,0,0
1788466739.45,559.85,-0.00,0.00,SEARCH,,0,0
1788466739.55,559.95,0.00,0.00,SEARCH,,0,0
1788466739.65,560.04,0.00,0.00,SEARCH,,0,0
1788466739.75,560.14,0.01,0.00,SEARCH,,0,0
1788466739.85,560.24,0.01,0.00,SEARCH,,0,0
1788466739.95,560.34,0.00,0.00,SEARCH,,0,0
1788466740.05,560.44,0.00,0.00,SEARCH,,0,0
1788466740.15,560.55,0.01,0.00,SEARCH,,0,0
1788466740.25,560.64,0.00,0.00,SEARCH,,0,0
1788466740.35,560.75,-0.00,0.00,SEARCH,,0,0
1788466740.46,560.85,0.01,0.00,SEARCH,,0,0
1788466740.55,560.94,0.00,0.00,SEARCH,,0,0
1788466740.66,561.04,-0.00,0.00,SEARCH,,0,0
1788466740.76,561.14,-0.00,0.00,SEARCH,,0,0
1788466740.86,561.24,0.01,0.00,SEARCH,,0,0
1788466740.96,561.34,0.00,0.00,SEARCH,,0,0
1788466741.06,561.45,-0.00,0.00,SEARCH,,0,0
1788466741.16,561.55,0.00,0.00,SEARCH,,0,0
1788466741.26,561.64,0.01,0.00,SEARCH,,0,0
1788466741.36,561.74,-0.00,0.00,SEARCH,,0,0
1788466741.46,561.85,-0.00,0.00,SEARCH,,0,0
1788466741.56,561.94,-0.01,0.00,SEARCH,,0,0
1788466741.66,562.04,-0.00,0.00,SEARCH,,0,0
1788466741.77,562.15,0.00,0.00,SEARCH,,0,0
1788466741.86,562.24,0.00,0.00,SEARCH,,0,0
1788466741.96,562.34,0.00,0.00,SEARCH,,0,0
1788466742.07,562.45,-0.00,0.00,SEARCH,,0,0
1788466742.17,562.55,0.01,0.00,SEARCH,,0,0
1788466742.27,562.64,-0.00,0.00,SEARCH,,0,0
1788466742.37,562.75,0.00,0.00,SEARCH,,0,0
1788466742.47,562.85,-0.00,0.00,SEARCH,,0,0
1788466742.57,562.94,0.00,0.00,SEARCH,,0,0
1788466742.67,563.04,0.00,0.00,SEARCH,,0,0
1788466742.77,563.14,-0.00,0.00,SEARCH,,0,0
1788466742.87,563.25,0.00,0.00,SEARCH,,0,0
1788466742.98,563.35,0.00,0.00,SEARCH,,0,0
1788466743.08,563.45,0.01,0.00,SEARCH,,0,0
1788466743.18,563.54,0.01,0.00,SEARCH,,0,0
1788466743.28,563.64,0.01,0.00,SEARCH,,0,0
1788466743.38,563.75,-0.00,0.00,SEARCH,,0,0
1788466743.48,563.85,-0.00,0.00,SEARCH,,0,0
1788466743.58,563.95,0.00,0.00,SEARCH,,0,0
1788466743.68,564.05,-0.00,0.00,SEARCH,,0,0
1788466743.79,564.15,0.00,0.00,SEARCH,,0,0
1788466743.88,564.25,-0.01,0.00,SEARCH,,0,0
1788466743.98,564.34,-0.00,0.00,SEARCH,,0,0
1788466744.08,564.45,-0.00,0.00,SEARCH,,0,0
1788466744.18,564.55,-0.00,0.00,SEARCH,,0,0
1788466744.28,564.64,0.00,0.00,SEARCH,,0,0
1788466744.38,564.74,0.01,0.00,SEARCH,,0,0
1788466744.48,564.84,0.01,0.00,SEARCH,,0,0
1788466744.58,564.95,0.01,0.00,SEARCH,,0,0
1788466744.68,565.04,-0.00,0.00,SEARCH,,0,0
1788466744.79,565.15,0.01,0.00,SEARCH,,0,0
1788466744.88,565.24,-0.00,0.00,SEARCH,,0,0
1788466744.99,565.35,0.00,0.00,SEARCH,,0,0
1788466745.09,565.45,0.00,0.00,SEARCH,,0,0
1788466745.19,565.54,0.00,0.00,SEARCH,,0,0
1788466745.29,565.64,0.01,0.00,SEARCH,,0,0
1788466745.39,565.74,0.00,0.00,SEARCH,,0,0
1788466745.49,565.85,0.00,0.00,SEARCH,,0,0
1788466745.59,565.94,0.00,0.00,SEARCH,,0,0
1788466745.69,566.04,0.00,0.00,SEARCH,,0,0
1788466745.79,566.14,0.01,0.00,SEARCH,,0,0
1788466745.89,566.25,0.01,0.00,SEARCH,,0,0
1788466745.99,566.34,0.00,0.00,SEARCH,,0,0
1788466746.10,566.45,0.01,0.00,SEARCH,,0,0
1788466746.20,566.55,0.00,0.00,SEARCH,,0,0
1788466746.30,566.65,-0.00,0.00,SEARCH,,0,0
1788466746.40,566.75,0.01,0.00,SEARCH,,0,0
1788466746.50,566.84,0.01,0.00,SEARCH,,0,0
1788466746.60,566.95,-0.00,0.00,SEARCH,,0,0
1788466746.70,567.04,0.00,0.00,SEARCH,,0,0
1788466746.80,567.15,0.01,0.00,SEARCH,,0,0
1788466746.90,567.25,-0.00,0.00,SEARCH,,0,0
1788466747.00,567.35,0.01,0.00,SEARCH,,0,0
1788466747.10,567.45,-0.00,0.00,SEARCH,,0,0
1788466747.21,567.55,-0.00,0.00,SEARCH,,0,0
1788466747.30,567.64,0.00,0.00,SEARCH,,0,0
1788466747.41,567.75,0.01,0.00,SEARCH,,0,0
1788466747.51,567.84,0.00,0.00,SEARCH,,0,0
1788466747.61,567.95,0.00,0.00,SEARCH,,0,0
1788466747.71,568.05,0.01,0.00,SEARCH,,0,0
1788466747.81,568.14,0.01,0.00,SEARCH,,0,0
1788466747.91,568.24,-0.00,0.00,SEARCH,,0,0
1788466748.01,568.35,0.00,0.00,SEARCH,,0,0
1788466748.11,568.44,0.00,0.00,SEARCH,,0,0
1788466748.22,568.55,-0.00,0.00,SEARCH,,0,0
1788466748.32,568.64,0.00,0.00,SEARCH,,0,0
1788466748.42,568.74,0.00,0.00,SEARCH,,0,0
1788466748.52,568.84,-0.00,0.00,SEARCH,,0,0
1788466748.62,568.94,-0.00,0.00,SEARCH,,0,0
1788466748.72,569.04,0.01,0.00,SEARCH,,0,0
1788466748.82,569.14,0.01,0.00,SEARCH,,0,0
1788466748.92,569.24,-0.00,0.00,SEARCH,,0,0
1788466749.02,569.34,-0.00,0.00,SEARCH,,0,0
1788466749.12,569.44,0.00,0.00,SEARCH,,0,0
1788466749.22,569.54,0.01,0.00,SEARCH,,0,0
1788466749.32,569.65,0.01,0.00,SEARCH,,0,0
1788466749.42,569.74,0.01,0.00,SEARCH,,0,0
1788466749.52,569.84,-0.00,0.00,SEARCH,,0,0
1788466749.62,569.95,-0.00,0.00,SEARCH,,0,0
1788466749.72,570.04,0.00,0.00,SEARCH,,0,0
1788466749.82,570.15,-0.00,0.00,SEARCH,,0,0
1788466749.92,570.25,0.01,0.00,SEARCH,,0,0
1788466750.02,570.35,0.01,0.00,SEARCH,,0,0
1788466750.12,570.45,0.00,0.00,SEARCH,,0,0
1788466750.23,570.54,0.00,0.00,SEARCH,,0,0
1788466750.33,570.64,0.00,0.00,SEARCH,,0,0
1788466750.43,570.75,0.01,0.00,SEARCH,,0,0
1788466750.53,570.85,0.00,0.00,SEARCH,,0,0
1788466750.63,570.94,0.00,0.00,SEARCH,,0,0
1788466750.73,571.04,-0.00,0.00,SEARCH,,0,0
1788466750.83,571.15,0.01,0.00,SEARCH,,0,0
1788466750.93,571.24,0.01,0.00,SEARCH,,0,0
1788466751.03,571.35,0.01,0.00,SEARCH,,0,0
1788466751.13,571.44,0.00,0.00,SEARCH,,0,0
1788466751.24,571.55,-0.00,0.00,SEARCH,,0,0
1788466751.34,571.64,-0.00,0.00,SEARCH,,0,0
1788466751.44,571.75,0.01,0.00,SEARCH,,0,0
1788466751.54,571.84,-0.00,0.00,SEARCH,,0,0
1788466751.64,571.95,0.01,0.00,SEARCH,,0,0
1788466751.74,572.04,0.01,0.00,SEARCH,,0,0
1788466751.84,572.14,-0.00,0.00,SEARCH,,0,0
1788466751.94,572.25,-0.00,0.00,SEARCH,,0,0
1788466752.04,572.35,0.00,0.00,SEARCH,,0,0
1788466752.14,572.44,0.01,0.00,SEARCH,,0,0
1788466752.24,572.54,-0.00,0.00,SEARCH,,0,0
1788466752.34,572.64,0.00,0.00,SEARCH,,0,0
1788466752.45,572.75,0.00,0.00,SEARCH,,0,0
1788466752.55,572.85,-0.00,0.00,SEARCH,,0,0
1788466752.65,572.95,-0.00,0.00,SEARCH,,0,0
1788466752.75,573.05,0.01,0.00,SEARCH,,0,0
1788466752.85,573.14,0.00,0.00,SEARCH,,0,0
1788466752.95,573.25,0.00,0.00,SEARCH,,0,0
1788466753.05,573.35,0.00,0.00,SEARCH,,0,0
1788466753.15,573.45,0.01,0.00,SEARCH,,0,0
1788466753.25,573.55,-0.00,0.00,SEARCH,,0,0
1788466753.35,573.64,0.01,0.00,SEARCH,,0,0
1788466753.45,573.74,0.01,0.00,SEARCH,,0,0
1788466753.55,573.84,0.00,0.00,SEARCH,,0,0
1788466753.66,573.95,0.01,0.00,SEARCH,,0,0
1788466753.75,574.04,0.00,0.00,SEARCH,,0,0
1788466753.86,574.15,-0.00,0.00,SEARCH,,0,0
1788466753.96,574.24,0.01,0.00,SEARCH,,0,0
1788466754.06,574.34,-0.00,0.00,SEARCH,,0,0
1788466754.16,574.44,-0.00,0.00,SEARCH,,0,0
1788466754.26,574.55,0.00,0.00,SEARCH,,0,0
1788466754.36,574.64,0.01,0.00,SEARCH,,0,0
1788466754.46,574.74,-0.00,0.00,SEARCH,,0,0
1788466754.57,574.85,-0.00,0.00,SEARCH,,0,0
1788466754.67,574.94,-0.00,0.00,SEARCH,,0,0
1788466754.77,575.04,-0.00,0.00,SEARCH,,0,0
1788466754.87,575.14,0.00,0.00,SEARCH,,0,0
1788466754.97,575.24,0.01,0.00,SEARCH,,0,0
1788466755.07,575.35,0.01,0.00,APPROACH,,0,0
1788466755.17,575.45,-0.00,0.00,APPROACH,,0,0
1788466755.27,575.55,-0.00,0.00,APPROACH,,0,0
1788466755.37,575.64,0.00,0.00,APPROACH,,0,0
1788466755.47,575.75,0.00,0.00,APPROACH,,0,0
1788466755.57,575.84,-0.00,0.00,APPROACH,,0,0
1788466755.68,575.95,0.00,0.00,APPROACH,,0,0
1788466755.78,576.05,0.01,0.00,APPROACH,,0,0
1788466755.88,576.14,0.01,0.00,APPROACH,,0,0
1788466755.98,576.25,0.00,0.00,APPROACH,,0,0
1788466756.08,576.35,0.00,0.00,APPROACH,,0,0
1788466756.18,576.45,0.00,0.00,APPROACH,,0,0
1788466756.28,576.54,-0.00,0.00,APPROACH,,0,0
1788466756.38,576.64,0.01,0.00,APPROACH,,0,0
1788466756.48,576.74,0.00,0.00,APPROACH,,0,0
1788466756.58,576.84,0.00,0.00,APPROACH,,0,0
1788466756.69,576.95,0.01,0.00,APPROACH,,0,0
1788466756.79,577.05,-0.01,0.00,APPROACH,,0,0
1788466756.89,577.14,-0.00,0.00,APPROACH,,0,0
1788466756.99,577.24,-0.00,0.00,APPROACH,,0,0
1788466757.09,577.35,-0.00,0.00,APPROACH,,0,0
1788466757.19,577.44,-0.00,0.00,APPROACH,,0,0
1788466757.29,577.54,0.01,0.00,APPROACH,,0,0
1788466757.39,577.64,0.01,0.00,APPROACH,,0,0
1788466757.49,577.75,-0.00,0.00,APPROACH,,0,0
1788466757.59,577.84,0.00,0.00,APPROACH,,0,0
1788466757.70,577.95,0.00,0.00,APPROACH,,0,0
1788466757.79,578.04,0.01,0.00,APPROACH,,0,0
1788466757.90,578.14,0.01,0.00,APPROACH,,0,0
1788466758.00,578.25,-0.00,0.00,APPROACH,,0,0
1788466758.10,578.35,0.00,0.00,APPROACH,,0,0
1788466758.20,578.44,-0.00,0.00,APPROACH,,0,0
1788466758.30,578.54,-0.00,0.00,APPROACH,,0,0
1788466758.40,578.64,0.01,0.00,APPROACH,,0,0
1788466758.50,578.75,0.01,0.00,APPROACH,,0,0
1788466758.60,578.84,-0.00,0.00,APPROACH,,0,0
1788466758.70,578.95,-0.00,0.00,APPROACH,,0,0
1788466758.80,579.04,0.00,0.00,APPROACH,,0,0
1788466758.91,579.14,-0.00,0.00,APPROACH,,0,0
1788466759.01,579.25,-0.00,0.00,APPROACH,,0,0
1788466759.11,579.35,-0.00,0.00,APPROACH,,0,0
1788466759.21,579.44,0.01,0.00,APPROACH,,0,0
1788466759.32,579.55,0.01,0.00,APPROACH,,0,0
1788466759.42,579.64,0.00,0.00,APPROACH,,0,0
1788466759.52,579.75,0.01,0.00,APPROACH,,0,0
1788466759.62,579.85,0.00,0.00,APPROACH,,0,0
1788466759.72,579.95,0.00,0.00,APPROACH,,0,0
1788466759.82,580.04,0.00,0.00,APPROACH,,0,0
1788466759.93,580.14,0.00,0.00,APPROACH,,0,0
1788466760.03,580.25,0.00,0.00,APPROACH,,0,0
1788466760.13,580.35,0.00,0.00,APPROACH,,0,0
1788466760.23,580.44,0.00,0.00,APPROACH,,0,0
1788466760.33,580.54,-0.00,0.00,APPROACH,,0,0
1788466760.43,580.64,0.01,0.00,APPROACH,,0,0
1788466760.53,580.75,0.00,0.00,APPROACH,,0,0
1788466760.64,580.85,0.00,0.00,APPROACH,,0,0
1788466760.74,580.95,0.00,0.00,APPROACH,,0,0
1788466760.84,581.04,0.00,0.00,APPROACH,,0,0
1788466760.94,581.15,-0.00,0.00,APPROACH,,0,0
1788466761.04,581.25,0.00,0.00,APPROACH,,0,0
1788466761.14,581.35,0.00,0.00,APPROACH,,0,0
1788466761.24,581.44,-0.00,0.00,APPROACH,,0,0
1788466761.34,581.54,0.00,0.00,APPROACH,,0,0
1788466761.44,581.64,0.00,0.00,APPROACH,,0,0
1788466761.54,581.75,-0.00,0.00,APPROACH,,0,0
1788466761.64,581.84,0.01,0.00,APPROACH,,0,0
1788466761.74,581.95,0.01,0.00,APPROACH,,0,0
1788466761.84,582.05,-0.00,0.00,APPROACH,,0,0
1788466761.94,582.15,-0.00,0.00,APPROACH,,0,0
1788466762.04,582.24,0.01,0.00,APPROACH,,0,0
1788466762.15,582.35,-0.00,0.00,APPROACH,,0,0
1788466762.25,582.45,0.00,0.00,APPROACH,,0,0
1788466762.35,582.54,-0.00,0.00,APPROACH,,0,0
1788466762.45,582.64,-0.00,0.00,APPROACH,,0,0
1788466762.55,582.75,0.00,0.00,APPROACH,,0,0
1788466762.65,582.85,0.01,0.00,APPROACH,,0,0
1788466762.75,582.94,-0.01,0.00,APPROACH,,0,0
1788466762.85,583.04,0.01,0.00,APPROACH,,0,0
1788466762.95,583.15,0.00,0.00,APPROACH,,0,0
1788466763.05,583.24,-0.00,0.00,APPROACH,,0,0
1788466763.16,583.34,-0.00,0.00,APPROACH,,0,0
1788466763.26,583.45,0.00,0.00,APPROACH,,0,0
1788466763.36,583.55,0.01,0.00,APPROACH,,0,0
1788466763.46,583.64,0.00,0.00,APPROACH,,0,0
1788466763.56,583.74,0.00,0.00,APPROACH,,0,0
1788466763.66,583.85,-0.00,0.00,APPROACH,,0,0
1788466763.76,583.95,-0.00,0.00,APPROACH,,0,0
1788466763.86,584.04,0.00,0.00,APPROACH,,0,0
1788466763.96,584.14,0.01,0.00,APPROACH,,0,0
1788466764.06,584.25,0.01,0.00,APPROACH,,0,0
1788466764.16,584.35,0.01,0.00,APPROACH,,0,0
1788466764.26,584.44,-0.00,0.00,APPROACH,,0,0
1788466764.37,584.54,-0.00,0.00,APPROACH,,0,0
1788466764.47,584.64,0.00,0.00,APPROACH,,0,0
1788466764.57,584.74,-0.00,0.00,APPROACH,,0,0
1788466764.67,584.84,0.00,0.00,APPROACH,,0,0
1788466764.77,584.95,-0.00,0.00,APPROACH,,0,0
1788466764.87,585.04,0.01,0.00,APPROACH,,0,0
1788466764.97,585.14,-0.00,0.00,APPROACH,,0,0
1788466765.07,585.24,-0.00,0.00,APPROACH,,0,0
1788466765.17,585.35,0.00,0.00,APPROACH,,0,0
1788466765.27,585.45,0.01,0.00,APPROACH,,0,0
1788466765.37,585.54,0.00,0.00,APPROACH,,0,0
1788466765.48,585.64,0.01,0.00,APPROACH,,0,0
1788466765.58,585.74,0.00,0.00,APPROACH,,0,0
1788466765.68,585.85,0.01,0.00,APPROACH,,0,0
1788466765.78,585.95,0.01,0.00,APPROACH,,0,0
1788466765.88,586.04,-0.00,0.00,APPROACH,,0,0
1788466765.98,586.15,0.00,0.00,APPROACH,,0,0
1788466766.08,586.25,0.01,0.00,APPROACH,,0,0
1788466766.18,586.34,0.01,0.00,APPROACH,,0,0
1788466766.28,586.44,0.00,0.00,APPROACH,,0,0
1788466766.38,586.54,0.01,0.00,APPROACH,,0,0
1788466766.48,586.64,0.00,0.00,APPROACH,,0,0
1788466766.58,586.74,0.01,0.00,APPROACH,,0,0
1788466766.68,586.84,0.00,0.00,APPROACH,,0,0
1788466766.78,586.94,-0.00,0.00,APPROACH,,0,0
1788466766.88,587.04,0.00,0.00,APPROACH,,0,0
1788466766.99,587.14,0.01,0.00,APPROACH,,0,0
1788466767.09,587.24,0.00,0.00,APPROACH,,0,0
1788466767.19,587.34,0.00,0.00,APPROACH,,0,0
1788466767.29,587.44,-0.00,0.00,APPROACH,,0,0
1788466767.39,587.54,0.01,0.00,APPROACH,,0,0
1788466767.49,587.64,-0.00,0.00,APPROACH,,0,0
1788466767.59,587.74,0.00,0.00,APPROACH,,0,0
1788466767.69,587.84,0.01,0.00,APPROACH,,0,0
1788466767.80,587.95,-0.00,0.00,APPROACH,,0,0
1788466767.90,588.04,0.01,0.00,APPROACH,,0,0
1788466767.99,588.14,-0.00,0.00,APPROACH,,0,0
1788466768.10,588.24,0.00,0.00,APPROACH,,0,0
1788466768.20,588.35,0.00,0.00,APPROACH,,0,0
1788466768.30,588.45,0.00,0.00,APPROACH,,0,0
1788466768.40,588.54,-0.00,0.00,APPROACH,,0,0
1788466768.50,588.64,-0.00,0.00,APPROACH,,0,0
1788466768.60,588.75,0.00,0.00,APPROACH,,0,0
1788466768.70,588.84,0.01,0.00,APPROACH,,0,0
1788466768.80,588.95,-0.00,0.00,APPROACH,,0,0
1788466768.90,589.04,0.00,0.00,APPROACH,,0,0
1788466769.00,589.15,0.01,0.00,APPROACH,,0,0
1788466769.10,589.25,-0.00,0.00,APPROACH,,0,0
1788466769.20,589.35,-0.00,0.00,APPROACH,,0,0
1788466769.30,589.44,0.01,0.00,APPROACH,,0,0
1788466769.40,589.54,-0.00,0.00,APPROACH,,0,0
1788466769.51,589.64,0.00,0.00,APPROACH,,0,0
1788466769.61,589.75,-0.00,0.00,APPROACH,,0,0
1788466769.71,589.84,0.00,0.00,APPROACH,,0,0
1788466769.81,589.95,0.00,0.00,APPROACH,,0,0
1788466769.91,590.04,0.00,0.00,REFINE,,0,0
1788466770.01,590.15,-0.00,0.00,REFINE,,0,0
1788466770.11,590.25,0.01,0.00,REFINE,,0,0
1788466770.21,590.34,0.01,0.00,REFINE,,0,0
1788466770.31,590.44,0.00,0.00,REFINE,,0,0
1788466770.42,590.54,0.00,0.00,REFINE,,0,0
1788466770.52,590.64,0.00,0.00,REFINE,,0,0
1788466770.62,590.75,-0.00,0.00,REFINE,,0,0
1788466770.72,590.84,-0.00,0.00,REFINE,,0,0
1788466770.82,590.94,0.01,0.00,REFINE,,0,0
1788466770.92,591.04,0.00,0.00,REFINE,,0,0
1788466771.02,591.14,-0.00,0.00,DEPLOY,,0,0
1788466771.12,591.24,0.01,0.00,DEPLOY,,0,0
1788466771.22,591.34,0.00,0.00,DEPLOY,,0,0
1788466771.32,591.44,0.01,0.00,DEPLOY,,0,0
1788466771.42,591.54,0.01,0.00,DEPLOY,,0,0
1788466771.52,591.64,0.00,0.00,DEPLOY,,0,0
1788466771.62,591.74,0.00,0.00,DEPLOY,,0,0
1788466771.72,591.84,0.00,0.00,DEPLOY,,0,0
1788466771.82,591.94,0.00,0.00,DEPLOY,,0,0
1788466771.92,592.04,0.00,0.00,DEPLOY,,0,0
1788466772.02,592.14,0.01,0.00,DEPLOY,,0,0
1788466772.12,592.24,0.00,0.00,DEPLOY,,0,0
1788466772.22,592.34,0.01,0.00,DEPLOY,,0,0
1788466772.32,592.44,0.01,0.00,DEPLOY,,0,0
1788466772.42,592.54,0.00,0.00,DEPLOY,,0,0
1788466772.52,592.64,0.01,0.00,DEPLOY,,0,0
1788466772.62,592.74,0.01,0.00,DEPLOY,,0,0
1788466772.72,592.84,-0.00,0.00,DEPLOY,,0,0
1788466772.82,592.94,0.00,0.00,DEPLOY,,0,0
1788466772.92,593.04,-0.00,0.00,DEPLOY,,0,0
1788466773.02,593.14,0.00,0.00,DEPLOY,,0,0
1788466773.12,593.24,-0.00,0.00,DEPLOY,,0,0
1788466773.22,593.34,0.00,0.00,DEPLOY,,0,0
1788466773.32,593.44,0.00,0.00,DEPLOY,,0,0
1788466773.42,593.54,-0.00,0.00,DEPLOY,,0,0
1788466773.52,593.64,0.00,0.00,DEPLOY,,0,0
1788466773.62,593.74,0.00,0.00,DEPLOY,,0,0
1788466773.72,593.84,0.00,0.00,DEPLOY,,0,0
1788466773.82,593.94,0.00,0.00,DEPLOY,,0,0
1788466773.92,594.04,0.01,0.00,DEPLOY,,0,0
1788466774.02,594.14,0.00,0.00,DEPLOY,,0,0
1788466774.12,594.24,-0.01,0.00,DEPLOY,,0,0
1788466774.22,594.34,0.00,0.00,DEPLOY,,0,0
1788466774.32,594.44,0.01,0.00,DEPLOY,,0,0
1788466774.42,594.54,-0.00,0.00,DEPLOY,,0,0
1788466774.52,594.64,0.01,0.00,DEPLOY,,0,0
1788466774.62,594.74,0.01,0.00,DEPLOY,,0,0
1788466774.72,594.84,0.00,0.00,DEPLOY,,0,0
1788466774.82,594.94,-0.00,0.00,DEPLOY,,0,0
1788466774.92,595.04,0.00,0.00,DEPLOY,,0,0
1788466775.02,595.14,-0.00,0.00,DEPLOY,,0,0
1788466775.12,595.24,-0.00,0.00,DEPLOY,,0,0
1788466775.22,595.34,-0.00,0.00,DEPLOY,,0,0
1788466775.32,595.44,0.00,0.00,DEPLOY,,0,0
1788466775.42,595.54,0.01,0.00,DEPLOY,,0,0
1788466775.52,595.64,0.00,0.00,DEPLOY,,0,0
1788466775.62,595.74,0.00,0.00,DEPLOY,,0,0
1788466775.72,595.84,0.00,0.00,DEPLOY,,0,0
1788466775.83,595.95,0.00,0.00,DEPLOY,,0,0
1788466775.93,596.04,0.01,0.00,DEPLOY,,0,0
1788466776.03,596.14,-0.00,0.00,DEPLOY,,0,0
1788466776.13,596.24,0.00,0.00,DEPLOY,,0,0
1788466776.23,596.35,0.00,0.00,DEPLOY,,0,0
1788466776.33,596.45,0.00,0.00,DEPLOY,,0,0
1788466776.43,596.54,0.00,0.00,DEPLOY,,0,0
1788466776.53,596.64,-0.00,0.00,DEPLOY,,0,0
1788466776.63,596.74,0.01,0.00,DEPLOY,,0,0
1788466776.73,596.84,0.00,0.00,DEPLOY,,0,0
1788466776.84,596.95,0.00,0.00,DEPLOY,,0,0
1788466776.93,597.04,0.00,0.00,DEPLOY,,0,0
1788466777.03,597.14,0.01,0.00,DEPLOY,,0,0
1788466777.14,597.24,0.01,0.00,DEPLOY,,0,0
1788466777.24,597.35,0.01,0.00,DEPLOY,,0,0
1788466777.34,597.44,-0.00,0.00,DEPLOY,,0,0
1788466777.44,597.54,0.01,0.00,DEPLOY,,0,0
1788466777.54,597.64,-0.00,0.00,DEPLOY,,0,0
1788466777.64,597.75,-0.00,0.00,DEPLOY,,0,0
1788466777.74,597.84,0.00,0.00,DEPLOY,,0,0
1788466777.84,597.94,0.01,0.00,DEPLOY,,0,0
1788466777.94,598.04,-0.00,0.00,DEPLOY,,0,0
1788466778.04,598.14,-0.00,0.00,DEPLOY,,0,0
1788466778.15,598.25,0.01,0.00,DEPLOY,,0,0
1788466778.25,598.35,-0.00,0.00,DEPLOY,,0,0
1788466778.35,598.45,0.01,0.00,DEPLOY,,0,0
1788466778.45,598.54,-0.01,0.00,DEPLOY,,0,0
1788466778.55,598.64,-0.00,0.00,DEPLOY,,0,0
1788466778.65,598.75,-0.00,0.00,DEPLOY,,0,0
1788466778.75,598.84,0.01,0.00,DEPLOY,,0,0
1788466778.86,598.95,-0.00,0.00,DEPLOY,,0,0
1788466778.96,599.04,0.00,0.00,DEPLOY,,0,0
1788466779.06,599.14,0.01,0.00,DEPLOY,,0,0
1788466779.16,599.25,0.01,0.00,DEPLOY,,0,0
1788466779.26,599.35,-0.00,0.00,DEPLOY,,0,0
1788466779.36,599.45,0.00,0.00,DEPLOY,,0,0
1788466779.46,599.54,0.00,0.00,DEPLOY,,0,0
1788466779.56,599.65,-0.00,0.00,DEPLOY,,0,0
1788466779.67,599.75,0.00,0.00,DEPLOY,,0,0
1788466779.77,599.84,-0.00,0.00,DEPLOY,,0,0
1788466779.87,599.95,0.00,0.00,DEPLOY,,0,0
1788466779.97,600.04,0.00,0.00,DEPLOY,,0,0
1788466780.07,600.14,0.01,0.00,DEPLOY,,0,0
1788466780.17,600.24,0.01,0.00,DEPLOY,,0,0
1788466780.27,600.34,-0.00,0.00,DEPLOY,,0,0
1788466780.37,600.44,0.00,0.00,DEPLOY,,0,0
1788466780.48,600.55,0.00,0.00,DEPLOY,,0,0
1788466780.58,600.64,0.01,0.00,DEPLOY,,0,0
1788466780.68,600.74,0.01,0.00,DEPLOY,,0,0
1788466780.78,600.85,0.00,0.00,DEPLOY,,0,0
1788466780.88,600.94,-0.00,0.00,DEPLOY,,0,0
1788466780.98,601.04,0.00,0.00,DEPLOY,,0,0
1788466781.08,601.14,-0.00,0.00,DEPLOY,,0,0
1788466781.18,601.24,0.00,0.00,DEPLOY,,0,0
1788466781.28,601.34,0.01,0.00,DEPLOY,,0,0
1788466781.38,601.44,0.01,0.00,DEPLOY,,0,0
1788466781.48,601.54,0.00,0.00,DEPLOY,,0,0
1788466781.58,601.64,0.00,0.00,DEPLOY,,0,0
1788466781.68,601.74,0.00,0.00,DEPLOY,,0,0
1788466781.79,601.84,0.01,0.00,DEPLOY,,0,0
1788466781.89,601.95,0.01,0.00,DEPLOY,,0,0
1788466781.99,602.04,0.00,0.00,DEPLOY,,0,0
1788466782.09,602.14,-0.00,0.00,DEPLOY,,0,0
1788466782.19,602.25,0.01,0.00,DEPLOY,,0,0
1788466782.29,602.35,0.00,0.00,DEPLOY,,0,0
1788466782.40,602.45,0.01,0.00,DEPLOY,,0,0
1788466782.49,602.54,0.00,0.00,DEPLOY,,0,0
1788466782.60,602.64,0.01,0.00,DEPLOY,,0,0
1788466782.70,602.75,-0.00,0.00,DEPLOY,,0,1
1788466782.80,602.84,0.01,0.00,DEPLOY,,0,0
1788466782.90,602.95,-0.00,0.00,DEPLOY,,0,0
1788466783.00,603.04,0.01,0.00,DEPLOY,,0,0
1788466783.10,603.15,0.01,0.00,DEPLOY,,0,0
1788466783.20,603.25,-0.00,0.00,DEPLOY,,0,0
1788466783.30,603.35,-0.00,0.00,DEPLOY,,0,0
1788466783.40,603.44,0.01,0.00,DEPLOY,,0,0
1788466783.51,603.55,0.01,0.00,DEPLOY,,0,0
1788466783.61,603.64,-0.00,0.00,DEPLOY,,0,0
1788466783.71,603.75,0.00,0.00,DEPLOY,,0,0
1788466783.81,603.84,0.00,0.00,DEPLOY,,0,0
1788466783.91,603.95,-0.01,0.00,DEPLOY,,0,0
1788466784.01,604.04,0.01,0.00,DEPLOY,,0,0
1788466784.11,604.15,0.01,0.00,DEPLOY,,0,0
1788466784.21,604.24,0.00,0.00,DEPLOY,,0,0
1788466784.32,604.35,0.00,0.00,DEPLOY,,0,0
1788466784.42,604.45,0.00,0.00,DEPLOY,,0,0
1788466784.52,604.54,0.01,0.00,DEPLOY,,0,0
1788466784.62,604.64,-0.00,0.00,DEPLOY,,0,0
1788466784.72,604.75,0.00,0.00,DEPLOY,,0,0
1788466784.82,604.85,-0.00,0.00,DEPLOY,,0,0
1788466784.93,604.95,0.00,0.00,DEPLOY,,0,0
1788466785.03,605.04,0.00,0.00,DEPLOY,,0,0
1788466785.13,605.14,0.00,0.00,DEPLOY,,0,0
1788466785.23,605.25,-0.00,0.00,DEPLOY,,0,0
1788466785.33,605.35,0.01,0.00,DEPLOY,,0,0
1788466785.43,605.44,-0.00,0.00,DEPLOY,,0,0
1788466785.53,605.54,-0.00,0.00,DEPLOY,,0,0
1788466785.63,605.65,0.00,0.00,DEPLOY,,0,0
1788466785.74,605.75,0.00,0.00,DEPLOY,,0,0
1788466785.84,605.85,-0.00,0.00,DEPLOY,,0,0
1788466785.94,605.95,0.00,0.00,DEPLOY,,0,0
1788466786.04,606.04,0.00,0.00,DEPLOY,,0,0
1788466786.14,606.14,0.01,0.00,DEPLOY,,0,0
1788466786.25,606.25,0.00,0.00,DEPLOY,,0,0
1788466786.35,606.34,0.00,0.00,DEPLOY,,0,0
1788466786.45,606.44,0.00,0.00,DEPLOY,,0,0
1788466786.55,606.55,-0.00,0.00,DEPLOY,,0,0
1788466786.65,606.64,-0.00,0.00,DEPLOY,,0,0
1788466786.75,606.75,0.00,0.00,DEPLOY,,0,0
1788466786.85,606.84,-0.00,0.00,DEPLOY,,0,0
1788466786.95,606.95,0.00,0.00,DEPLOY,,0,0
1788466787.05,607.04,0.00,0.00,DEPLOY,,0,0
1788466787.16,607.15,0.01,0.00,DEPLOY,,0,0
1788466787.26,607.24,0.01,0.00,DEPLOY,,0,0
1788466787.36,607.35,0.01,0.00,DEPLOY,,0,0
1788466787.46,607.45,0.00,0.00,DEPLOY,,0,0
1788466787.56,607.54,0.00,0.00,DEPLOY,,0,0
1788466787.66,607.64,0.00,0.00,DEPLOY,,0,0
1788466787.77,607.75,0.01,0.00,DEPLOY,,0,0
1788466787.87,607.85,0.00,0.00,DEPLOY,,0,0
1788466787.97,607.94,0.00,0.00,DEPLOY,,0,0
1788466788.07,608.04,0.01,0.00,DEPLOY,,0,0
1788466788.17,608.14,-0.00,0.00,DEPLOY,,0,0
1788466788.27,608.25,-0.00,0.00,DEPLOY,,0,0
1788466788.37,608.35,-0.00,0.00,DEPLOY,,0,0
1788466788.47,608.44,-0.00,0.00,DEPLOY,,0,0
1788466788.58,608.55,0.01,0.00,DEPLOY,,0,0
1788466788.68,608.64,0.01,0.00,DEPLOY,,0,0
1788466788.78,608.74,0.01,0.00,DEPLOY,,0,0
1788466788.88,608.84,0.00,0.00,DEPLOY,,0,0
1788466788.99,608.95,0.00,0.00,DEPLOY,,0,0
1788466789.09,609.04,0.01,0.00,DEPLOY,,0,0
1788466789.19,609.14,0.01,0.00,DEPLOY,,0,0
1788466789.29,609.25,0.01,0.00,DEPLOY,,0,0
1788466789.39,609.35,-0.00,0.00,DEPLOY,,0,0
1788466789.49,609.45,-0.00,0.00,DEPLOY,,0,0
1788466789.59,609.54,-0.00,0.00,DEPLOY,,0,0
1788466789.70,609.64,-0.00,0.00,DEPLOY,,0,0
1788466789.80,609.75,0.01,0.00,DEPLOY,,0,0
1788466789.90,609.85,0.00,0.00,DEPLOY,,0,0
1788466790.00,609.94,0.00,0.00,DEPLOY,,0,0
1788466790.10,610.04,-0.00,0.00,DEPLOY,,0,0
1788466790.20,610.14,0.00,0.00,DEPLOY,,0,0
1788466790.30,610.24,-0.00,0.00,DEPLOY,,0,0
1788466790.40,610.35,-0.00,0.00,DEPLOY,,0,0
1788466790.50,610.45,-0.01,0.00,DEPLOY,,0,0
1788466790.60,610.54,0.01,0.00,DEPLOY,,0,0
1788466790.70,610.64,0.00,0.00,DEPLOY,,0,0
1788466790.80,610.75,0.00,0.00,DEPLOY,,0,0
1788466790.90,610.84,-0.00,0.00,DEPLOY,,0,0
1788466791.00,610.94,0.01,0.00,MANIPULATE,,0,0
1788466791.10,611.04,-0.00,0.00,MANIPULATE,,0,0
1788466791.21,611.15,0.01,0.00,MANIPULATE,,0,0
1788466791.31,611.24,0.00,0.00,MANIPULATE,,0,0
1788466791.41,611.35,0.01,0.00,MANIPULATE,,0,0
1788466791.51,611.44,0.00,0.00,MANIPULATE,,0,0
1788466791.61,611.54,0.00,0.00,MANIPULATE,,0,0
1788466791.71,611.64,0.00,0.00,MANIPULATE,,0,0
1788466791.81,611.75,0.01,0.00,MANIPULATE,,0,0
1788466791.92,611.85,0.00,0.00,MANIPULATE,,0,0
1788466792.02,611.95,0.01,0.00,MANIPULATE,,0,0
1788466792.12,612.04,0.01,0.00,MANIPULATE,,0,0
1788466792.22,612.14,0.00,0.00,MANIPULATE,,0,0
1788466792.32,612.24,0.00,0.00,MANIPULATE,,0,0
1788466792.42,612.35,0.01,0.00,MANIPULATE,,0,0
1788466792.52,612.45,-0.00,0.00,MANIPULATE,,0,0
1788466792.62,612.54,-0.00,0.00,MANIPULATE,,0,0
1788466792.73,612.65,0.01,0.00,MANIPULATE,,0,0
1788466792.83,612.75,-0.00,0.00,MANIPULATE,,0,0
1788466792.93,612.85,0.00,0.00,MANIPULATE,,0,0
1788466793.03,612.94,0.01,0.00,MANIPULATE,orienta,0,0
1788466793.13,613.04,0.00,0.00,MANIPULATE,orienta,0,0
1788466793.23,613.15,-0.00,0.00,MANIPULATE,orienta,0,0
1788466793.33,613.24,0.00,0.00,MANIPULATE,orienta,0,0
1788466793.43,613.35,0.01,0.00,MANIPULATE,orienta,0,0
1788466793.53,613.45,-0.00,0.00,MANIPULATE,orienta,0,0
1788466793.63,613.54,0.01,0.00,MANIPULATE,orienta,0,0
1788466793.73,613.64,0.00,0.00,MANIPULATE,orienta,0,0
1788466793.83,613.75,-0.00,0.00,MANIPULATE,orienta,0,0
1788466793.93,613.84,-0.00,0.00,MANIPULATE,orienta,0,0
1788466794.04,613.94,0.00,0.00,MANIPULATE,orienta,0,0
1788466794.14,614.04,-0.00,0.00,MANIPULATE,orienta,0,0
1788466794.24,614.15,-0.00,0.00,MANIPULATE,orienta,0,0
1788466794.34,614.24,0.01,0.00,MANIPULATE,orienta,0,0
1788466794.45,614.35,0.01,0.00,MANIPULATE,orienta,0,0
1788466794.55,614.45,-0.01,0.00,MANIPULATE,orienta,0,0
1788466794.65,614.54,0.00,0.00,MANIPULATE,orienta,0,0
1788466794.76,614.64,0.01,0.00,MANIPULATE,orienta,0,0
1788466794.86,614.74,0.01,0.00,MANIPULATE,orienta,0,0
1788466794.96,614.84,0.00,0.00,MANIPULATE,orienta,0,0
1788466795.06,614.95,0.01,0.00,MANIPULATE,orienta,0,0
1788466795.16,615.05,-0.00,0.00,MANIPULATE,orienta,0,0
1788466795.27,615.15,0.00,0.00,MANIPULATE,orienta,0,0
1788466795.37,615.25,0.01,0.00,MANIPULATE,orienta,0,0
1788466795.47,615.34,0.01,0.00,MANIPULATE,orienta,0,0
1788466795.57,615.44,0.01,0.00,MANIPULATE,orienta,0,0
1788466795.67,615.54,0.00,0.00,MANIPULATE,orienta,0,0
1788466795.77,615.65,-0.00,0.00,MANIPULATE,orienta,0,0
1788466795.87,615.75,0.01,0.00,MANIPULATE,orienta,0,0
1788466795.97,615.84,-0.00,0.00,MANIPULATE,orienta,0,0
1788466796.07,615.94,0.00,0.00,MANIPULATE,orienta,0,0
1788466796.17,616.05,-0.00,0.00,MANIPULATE,orienta,0,0
1788466796.27,616.14,0.01,0.00,MANIPULATE,orienta,0,0
1788466796.37,616.24,-0.00,0.00,MANIPULATE,orienta,0,0
1788466796.47,616.34,-0.00,0.00,MANIPULATE,orienta,0,0
1788466796.57,616.44,0.00,0.00,MANIPULATE,orienta,0,0
1788466796.67,616.54,0.01,0.00,MANIPULATE,orienta,0,0
1788466796.77,616.64,0.00,0.00,MANIPULATE,orienta,0,0
1788466796.88,616.74,0.01,0.00,MANIPULATE,orienta,0,0
1788466796.98,616.84,0.00,0.00,MANIPULATE,orienta,0,0
1788466797.08,616.94,0.01,0.00,MANIPULATE,orienta,0,0
1788466797.18,617.04,0.01,0.00,MANIPULATE,orienta,0,0
1788466797.28,617.14,-0.00,0.00,MANIPULATE,orienta,0,0
1788466797.38,617.25,-0.00,0.00,MANIPULATE,orienta,0,0
1788466797.48,617.35,0.01,0.00,MANIPULATE,orienta,0,0
1788466797.58,617.45,0.01,0.00,MANIPULATE,orienta,0,0
1788466797.68,617.54,0.00,0.00,MANIPULATE,orienta,0,0
1788466797.78,617.64,0.00,0.00,MANIPULATE,aproxima_lateral,0,0
1788466797.88,617.74,0.00,0.00,MANIPULATE,aproxima_lateral,0,0
1788466797.99,617.85,0.01,0.00,MANIPULATE,aproxima_lateral,0,0
1788466798.09,617.94,0.01,0.00,MANIPULATE,aproxima_lateral,0,0
1788466798.19,618.05,0.00,0.00,MANIPULATE,aproxima_lateral,0,0
1788466798.29,618.14,-0.00,0.00,MANIPULATE,aproxima_lateral,0,0
1788466798.40,618.25,0.01,0.00,MANIPULATE,aproxima_lateral,0,0
1788466798.50,618.35,0.00,0.00,MANIPULATE,aproxima_lateral,0,0
1788466798.60,618.45,0.00,0.00,MANIPULATE,aproxima_lateral,0,0
1788466798.70,618.54,-0.00,0.00,MANIPULATE,aproxima_lateral,0,0
1788466798.80,618.64,0.00,0.00,MANIPULATE,aproxima_lateral,0,0
1788466798.90,618.74,-0.01,0.00,MANIPULATE,aproxima_lateral,0,0
1788466799.01,618.85,0.00,0.00,MANIPULATE,aproxima_lateral,0,0
1788466799.10,618.94,0.01,0.00,MANIPULATE,aproxima_lateral,0,0
1788466799.21,619.05,0.00,0.00,MANIPULATE,aproxima_lateral,0,0
1788466799.31,619.15,0.01,0.00,MANIPULATE,aproxima_lateral,0,0
1788466799.41,619.24,0.00,0.00,MANIPULATE,aproxima_lateral,0,0
1788466799.51,619.35,0.00,0.00,MANIPULATE,aproxima_lateral,0,0
1788466799.61,619.44,0.00,0.00,MANIPULATE,aproxima_lateral,0,0
1788466799.71,619.54,0.01,0.00,MANIPULATE,aproxima_lateral,0,0
1788466799.81,619.64,-0.00,0.00,MANIPULATE,aproxima_lateral,0,0
1788466799.91,619.74,-0.00,0.00,MANIPULATE,aproxima_lateral,0,0
1788466800.01,619.84,0.00,0.00,MANIPULATE,aproxima_lateral,0,0
1788466800.12,619.95,0.01,0.00,MANIPULATE,aproxima_lateral,0,0
1788466800.22,620.04,-0.00,0.00,MANIPULATE,aproxima_lateral,0,0
1788466800.32,620.14,0.01,0.00,MANIPULATE,aproxima_lateral,0,0
1788466800.42,620.24,0.01,0.00,MANIPULATE,aproxima_lateral,0,0
1788466800.52,620.35,0.01,0.00,MANIPULATE,aproxima_lateral,0,0
1788466800.62,620.44,0.01,0.00,MANIPULATE,aproxima_lateral,0,0
1788466800.73,620.55,0.01,0.00,MANIPULATE,aproxima_lateral,0,0
1788466800.82,620.64,0.00,0.00,MANIPULATE,aproxima_lateral,0,0
1788466800.92,620.74,0.01,0.00,MANIPULATE,aproxima_lateral,0,0
1788466801.02,620.84,0.01,0.00,MANIPULATE,aproxima_lateral,0,0
1788466801.13,620.94,0.00,0.00,MANIPULATE,aproxima_lateral,0,0
1788466801.23,621.04,0.00,0.00,MANIPULATE,aproxima_lateral,0,0
1788466801.33,621.14,0.01,0.00,MANIPULATE,aproxima_lateral,0,0
1788466801.43,621.25,0.00,0.00,MANIPULATE,aproxima_lateral,0,0
1788466801.53,621.34,0.00,0.00,MANIPULATE,aproxima_lateral,0,0
1788466801.63,621.44,0.00,0.00,MANIPULATE,atravessa,0,0
1788466801.73,621.54,0.00,0.00,MANIPULATE,atravessa,0,0
1788466801.83,621.64,-0.00,0.00,MANIPULATE,atravessa,0,0
1788466801.93,621.74,-0.00,0.00,MANIPULATE,atravessa,0,0
1788466802.03,621.84,0.00,0.00,MANIPULATE,atravessa,0,0
1788466802.13,621.94,0.01,0.00,MANIPULATE,atravessa,0,0
1788466802.23,622.04,0.01,0.00,MANIPULATE,atravessa,0,0
1788466802.33,622.14,0.00,0.00,MANIPULATE,atravessa,0,0
1788466802.44,622.24,2.73,0.07,MANIPULATE,atravessa,0,0
1788466802.54,622.34,0.00,0.06,MANIPULATE,atravessa,0,0
1788466802.64,622.44,0.00,0.06,MANIPULATE,atravessa,0,0
1788466802.74,622.54,0.01,0.06,MANIPULATE,atravessa,0,0
1788466802.84,622.64,0.01,0.06,MANIPULATE,atravessa,0,0
1788466802.94,622.74,0.01,0.06,MANIPULATE,atravessa,0,0
1788466803.05,622.85,0.01,0.06,MANIPULATE,atravessa,0,0
1788466803.14,622.94,-0.00,0.06,MANIPULATE,atravessa,0,0
1788466803.25,623.04,0.01,0.06,MANIPULATE,atravessa,0,0
1788466803.35,623.14,0.01,0.06,MANIPULATE,atravessa,0,0
1788466803.45,623.25,0.01,0.06,MANIPULATE,atravessa,0,0
1788466803.55,623.34,0.01,0.05,MANIPULATE,atravessa,0,0
1788466803.66,623.45,0.01,0.05,MANIPULATE,captura,0,0
1788466803.76,623.55,0.01,0.06,MANIPULATE,captura,0,0
1788466803.86,623.64,0.01,0.06,MANIPULATE,captura,0,0
1788466803.96,623.75,0.01,0.06,MANIPULATE,captura,0,0
1788466804.06,623.84,0.01,0.06,MANIPULATE,captura,0,0
1788466804.16,623.94,0.01,0.06,MANIPULATE,captura,0,0
1788466804.26,624.04,0.01,0.06,MANIPULATE,destrava,0,0
1788466804.36,624.14,0.01,0.06,MANIPULATE,destrava,0,0
1788466804.47,624.24,0.00,0.06,MANIPULATE,destrava,1,1
1788466804.57,624.34,0.08,0.06,MANIPULATE,destrava,2,2
1788466804.67,624.44,0.00,0.06,MANIPULATE,destrava,2,2
1788466804.77,624.54,0.00,0.06,MANIPULATE,destrava,2,2
1788466804.87,624.64,-0.00,0.06,MANIPULATE,destrava,2,2
1788466804.97,624.74,0.06,0.06,MANIPULATE,destrava,2,2
1788466805.07,624.84,1.02,0.06,MANIPULATE,destrava,2,2
1788466805.17,624.95,2.05,0.06,MANIPULATE,destrava,2,2
1788466805.27,625.04,3.03,0.08,MANIPULATE,destrava,2,2
1788466805.37,625.14,3.89,0.15,MANIPULATE,destrava,2,2
1788466805.48,625.24,4.62,0.25,MANIPULATE,destrava,2,2
1788466805.58,625.34,5.27,0.39,MANIPULATE,destrava,2,2
1788466805.68,625.44,5.92,0.54,MANIPULATE,destrava,2,2
1788466805.78,625.54,6.10,0.57,MANIPULATE,destrava,2,2
1788466805.88,625.64,6.24,0.57,MANIPULATE,destrava,2,2
1788466805.98,625.74,6.51,0.57,MANIPULATE,destrava,2,2
1788466806.08,625.84,6.68,0.57,MANIPULATE,destrava,2,2
1788466806.18,625.94,6.82,0.57,MANIPULATE,destrava,2,2
1788466806.28,626.04,6.94,0.58,MANIPULATE,destrava,2,2
1788466806.38,626.14,7.07,0.57,MANIPULATE,destrava,2,2
1788466806.48,626.24,7.23,0.57,MANIPULATE,destrava,2,2
1788466806.59,626.34,7.41,0.57,MANIPULATE,destrava,2,2
1788466806.69,626.44,7.57,0.58,MANIPULATE,destrava,2,2
1788466806.79,626.54,7.74,0.58,MANIPULATE,destrava,2,2
1788466806.89,626.64,7.90,0.58,MANIPULATE,destrava,2,2
1788466806.99,626.74,8.12,0.58,MANIPULATE,destrava,2,2
1788466807.09,626.84,8.34,0.58,MANIPULATE,destrava,2,2
1788466807.19,626.94,8.55,0.58,MANIPULATE,destrava,2,2
1788466807.29,627.04,8.73,0.58,MANIPULATE,destrava,2,2
1788466807.39,627.14,8.91,0.58,MANIPULATE,destrava,2,2
1788466807.49,627.24,9.09,0.58,MANIPULATE,destrava,2,2
1788466807.59,627.34,9.29,0.59,MANIPULATE,destrava,2,2
1788466807.70,627.44,9.51,0.58,MANIPULATE,destrava,2,2
1788466807.80,627.54,9.76,0.58,MANIPULATE,destrava,2,2
1788466807.90,627.64,10.01,0.58,MANIPULATE,destrava,2,2
1788466808.00,627.74,10.32,0.59,MANIPULATE,destrava,2,2
1788466808.10,627.84,10.63,0.58,MANIPULATE,destrava,2,2
1788466808.20,627.94,10.98,0.58,MANIPULATE,destrava,2,2
1788466808.30,628.04,11.40,0.59,MANIPULATE,destrava,2,2
1788466808.40,628.14,11.78,0.59,MANIPULATE,destrava,2,2
1788466808.50,628.24,12.36,0.59,MANIPULATE,destrava,2,2
1788466808.61,628.34,13.43,0.62,MANIPULATE,destrava,2,2
1788466808.71,628.44,16.91,1.05,MANIPULATE,destrava,2,2
1788466808.81,628.54,17.08,1.33,MANIPULATE,destrava,2,2
1788466808.91,628.64,17.02,1.34,MANIPULATE,destrava,2,2
1788466809.01,628.74,16.94,1.30,MANIPULATE,destrava,2,2
1788466809.11,628.84,16.74,1.14,MANIPULATE,destrava,2,2
1788466809.21,628.94,16.53,0.98,MANIPULATE,destrava,1,2
1788466809.32,629.05,16.27,0.77,MANIPULATE,destrava,0,0
1788466809.42,629.15,16.07,0.58,MANIPULATE,destrava,0,0
1788466809.52,629.25,16.05,0.53,MANIPULATE,destrava,0,0
1788466809.62,629.34,16.02,0.46,MANIPULATE,destrava,0,0
1788466809.73,629.45,16.03,0.38,MANIPULATE,destrava,0,0
1788466809.83,629.55,16.06,0.32,MANIPULATE,destrava,0,0
1788466809.93,629.64,16.11,0.27,MANIPULATE,libera,0,0
1788466810.03,629.74,16.14,0.23,MANIPULATE,libera,0,0
1788466810.14,629.84,16.24,0.22,MANIPULATE,libera,1,1
1788466810.24,629.94,16.64,0.56,MANIPULATE,libera,2,2
1788466810.34,630.04,16.97,0.89,MANIPULATE,libera,2,2
1788466810.44,630.14,17.15,1.17,MANIPULATE,libera,2,2
1788466810.54,630.24,17.51,1.51,MANIPULATE,libera,2,2
1788466810.64,630.34,18.11,1.81,MANIPULATE,libera,2,2
1788466810.74,630.44,18.51,2.09,MANIPULATE,libera,2,2
1788466810.84,630.54,18.65,2.37,MANIPULATE,libera,2,2
1788466810.94,630.64,18.77,2.69,MANIPULATE,libera,2,2
1788466811.04,630.74,18.93,3.04,MANIPULATE,libera,2,2
1788466811.14,630.84,19.01,3.34,MANIPULATE,libera,2,2
1788466811.24,630.94,18.75,3.69,MANIPULATE,libera,2,2
1788466811.34,631.04,18.24,4.10,MANIPULATE,libera,2,2
1788466811.44,631.14,17.44,4.54,MANIPULATE,libera,2,2
1788466811.55,631.24,16.59,4.98,MANIPULATE,libera,2,2
1788466811.65,631.35,15.90,5.38,MANIPULATE,libera,2,2
1788466811.75,631.44,15.98,5.59,MANIPULATE,libera,2,2
1788466811.85,631.54,16.06,5.81,MANIPULATE,libera,2,2
1788466811.95,631.64,16.13,5.99,MANIPULATE,libera,2,2
1788466812.05,631.74,16.20,6.20,MANIPULATE,libera,2,2
1788466812.16,631.84,13.80,6.96,MANIPULATE,libera,2,2
1788466812.26,631.94,11.47,7.60,MANIPULATE,libera,2,2
1788466812.36,632.04,10.16,8.07,MANIPULATE,libera,2,2
1788466812.46,632.14,9.37,8.44,MANIPULATE,libera,2,2
1788466812.56,632.24,8.77,8.78,MANIPULATE,libera,2,2
1788466812.66,632.34,8.15,8.91,MANIPULATE,libera,2,2
1788466812.76,632.45,7.26,8.90,MANIPULATE,libera,1,2
1788466812.86,632.55,6.63,8.89,MANIPULATE,libera,0,0
1788466812.97,632.65,6.24,8.89,MANIPULATE,libera,0,0
1788466813.07,632.74,6.26,8.88,MANIPULATE,libera,0,0
1788466813.17,632.84,6.24,8.87,MANIPULATE,libera,0,0
1788466813.27,632.94,6.19,8.87,MANIPULATE,libera,0,0
1788466813.37,633.04,6.12,8.86,MANIPULATE,libera,0,0
1788466813.47,633.14,6.97,9.13,MANIPULATE,libera,0,0
1788466813.57,633.24,6.58,10.81,MANIPULATE,libera,0,0
1788466813.67,633.34,6.19,12.38,MANIPULATE,libera,0,0
1788466813.77,633.44,5.24,14.00,MANIPULATE,libera,0,0
1788466813.88,633.54,4.05,15.62,MANIPULATE,arco1,0,0
1788466813.98,633.64,4.01,15.64,MANIPULATE,arco1,0,0
1788466814.08,633.74,3.68,15.64,MANIPULATE,arco1,0,0
1788466814.18,633.84,3.61,15.74,MANIPULATE,arco1,2,2
1788466814.28,633.94,3.92,15.92,MANIPULATE,arco1,2,2
1788466814.38,634.04,3.95,16.12,MANIPULATE,arco1,2,2
1788466814.48,634.14,3.62,16.11,MANIPULATE,arco1,2,2
1788466814.58,634.24,3.23,16.10,MANIPULATE,arco1,2,2
1788466814.69,634.34,2.96,16.10,MANIPULATE,arco1,2,2
1788466814.78,634.44,2.69,16.10,MANIPULATE,arco1,2,3
1788466814.89,634.55,1.93,16.11,MANIPULATE,arco1,0,0
1788466814.99,634.64,1.40,16.12,MANIPULATE,arco1,0,0
1788466815.09,634.74,1.09,16.13,MANIPULATE,arco1,0,0
1788466815.19,634.84,1.06,16.13,MANIPULATE,arco1,0,0
1788466815.29,634.94,1.01,16.14,MANIPULATE,arco1,0,0
1788466815.39,635.04,0.96,16.14,MANIPULATE,arco1,0,0
1788466815.50,635.15,0.89,16.14,MANIPULATE,arco1,0,0
1788466815.60,635.24,1.42,16.70,MANIPULATE,arco1,0,0
1788466815.70,635.35,1.79,17.72,MANIPULATE,arco1,0,0
1788466815.80,635.45,1.11,19.06,MANIPULATE,arco1,0,0
1788466815.90,635.54,-0.00,20.51,MANIPULATE,arco1,0,0
1788466816.00,635.64,0.01,21.87,MANIPULATE,arco1,0,0
1788466816.11,635.75,-0.01,23.28,MANIPULATE,arco1,0,0
1788466816.21,635.84,-0.01,24.60,MANIPULATE,arco1,0,0
1788466816.31,635.94,-0.00,25.88,MANIPULATE,arco1,0,0
1788466816.41,636.04,-0.00,27.10,MANIPULATE,arco2,0,0
1788466816.52,636.14,-0.00,27.23,MANIPULATE,arco2,0,0
1788466816.62,636.24,-0.00,27.23,MANIPULATE,arco2,0,0
1788466816.72,636.34,-0.00,27.43,MANIPULATE,arco2,2,2
1788466816.82,636.44,-0.01,27.80,MANIPULATE,arco2,2,2
1788466816.92,636.54,0.00,28.10,MANIPULATE,arco2,2,2
1788466817.02,636.64,0.00,28.40,MANIPULATE,arco2,2,2
1788466817.12,636.74,-0.00,28.67,MANIPULATE,arco2,2,2
1788466817.22,636.84,-0.01,28.96,MANIPULATE,arco2,2,2
1788466817.32,636.94,-0.00,29.24,MANIPULATE,arco2,2,2
1788466817.42,637.04,-0.00,29.50,MANIPULATE,arco2,2,2
1788466817.52,637.14,-0.00,29.75,MANIPULATE,arco2,1,2
1788466817.63,637.24,-0.00,30.04,MANIPULATE,arco2,0,0
1788466817.73,637.35,-0.00,30.18,MANIPULATE,arco2,0,0
1788466817.83,637.45,0.06,30.27,MANIPULATE,arco2,0,0
1788466817.93,637.54,0.36,30.34,MANIPULATE,arco2,0,0
1788466818.04,637.65,0.62,30.37,MANIPULATE,arco2,0,0
1788466818.13,637.75,0.40,30.36,MANIPULATE,arco2,0,0
1788466818.23,637.84,0.30,30.34,MANIPULATE,arco2,0,0
1788466818.33,637.94,2.81,30.46,MANIPULATE,arco2,0,0
1788466818.44,638.04,6.22,30.50,MANIPULATE,arco2,0,0
1788466818.53,638.14,8.06,30.44,MANIPULATE,arco2,0,0
1788466818.63,638.24,-0.00,30.44,MANIPULATE,arco2,0,0
1788466818.74,638.35,0.00,30.44,MANIPULATE,arco2,0,0
1788466818.84,638.44,0.01,30.44,MANIPULATE,arco2,0,0
1788466818.94,638.54,-0.01,30.44,MANIPULATE,arco2,0,0
1788466819.04,638.64,0.00,30.44,MANIPULATE,arco2,0,0
1788466819.14,638.74,-0.00,30.44,MANIPULATE,arco2,0,0
1788466819.24,638.85,-0.00,30.44,MANIPULATE,arco2,0,0
1788466819.35,638.94,-0.01,30.44,MANIPULATE,arco2,0,0
1788466819.45,639.04,0.00,30.44,MANIPULATE,arco2,0,0
1788466819.55,639.14,0.00,30.44,MANIPULATE,arco2,0,0
1788466819.65,639.25,0.00,30.44,MANIPULATE,arco2,0,0
1788466819.75,639.35,0.00,30.44,MANIPULATE,arco2,0,0
1788466819.85,639.45,0.00,30.44,MANIPULATE,arco2,0,0
1788466819.95,639.54,0.00,30.44,MANIPULATE,arco2,0,0
1788466820.05,639.64,0.01,30.44,MANIPULATE,desengata,0,0
1788466820.16,639.75,-0.00,30.44,MANIPULATE,desengata,0,0
1788466820.26,639.84,-0.00,30.44,MANIPULATE,desengata,0,0
1788466820.36,639.94,-0.01,30.44,MANIPULATE,desengata,0,0
1788466820.46,640.04,0.00,30.44,MANIPULATE,desengata,0,0
1788466820.56,640.14,-0.00,30.44,RETRACT,desengata,0,1
1788466820.66,640.24,0.00,30.44,RETRACT,desengata,0,0
1788466820.76,640.35,-0.00,30.44,RETRACT,desengata,0,0
1788466820.86,640.45,0.00,30.44,RETRACT,desengata,0,0
1788466820.96,640.54,0.00,30.44,RETRACT,desengata,0,0
1788466821.06,640.64,-0.00,30.44,RETRACT,desengata,0,0
1788466821.16,640.74,-0.00,30.44,RETRACT,desengata,0,0
1788466821.27,640.85,0.00,30.44,RETRACT,desengata,0,0
1788466821.37,640.95,-0.00,30.44,RETRACT,desengata,0,0
1788466821.47,641.04,-0.00,30.44,RETRACT,desengata,0,0
1788466821.57,641.15,-0.01,30.44,RETRACT,desengata,0,0
1788466821.67,641.24,0.00,30.44,RETRACT,desengata,0,0
1788466821.77,641.34,0.00,30.44,RETRACT,desengata,0,0
1788466821.87,641.44,-0.00,30.44,RETRACT,desengata,0,0
1788466821.97,641.54,-0.00,30.44,RETRACT,desengata,0,0
1788466822.07,641.64,0.00,30.44,RETRACT,desengata,0,0
1788466822.17,641.74,0.00,30.44,RETRACT,desengata,0,0
1788466822.27,641.84,0.00,30.44,RETRACT,desengata,0,0
1788466822.38,641.95,0.00,30.44,RETRACT,desengata,0,0
1788466822.48,642.04,0.00,30.44,RETRACT,desengata,0,0
1788466822.58,642.14,0.00,30.44,RETRACT,desengata,0,0
1788466822.68,642.25,-0.00,30.44,RETRACT,desengata,0,0
1788466822.78,642.35,0.01,30.44,RETRACT,desengata,0,0
1788466822.88,642.45,-0.00,30.44,RETRACT,desengata,0,0
1788466822.98,642.54,0.00,30.44,RETRACT,saida_eixo,0,0
1788466823.08,642.64,0.00,30.44,RETRACT,saida_eixo,0,0
1788466823.19,642.75,-0.00,30.44,RETRACT,saida_eixo,0,0
1788466823.28,642.84,-0.00,30.44,RETRACT,saida_eixo,0,0
1788466823.39,642.94,-0.01,30.44,RETRACT,saida_eixo,0,0
1788466823.49,643.04,0.00,30.44,RETRACT,saida_eixo,0,0
1788466823.59,643.15,-0.00,30.44,RETRACT,saida_eixo,0,0
1788466823.69,643.25,-0.00,30.44,RETRACT,saida_eixo,0,0
1788466823.79,643.34,-0.00,30.44,RETRACT,saida_eixo,0,0
1788466823.89,643.44,-0.01,30.44,RETRACT,saida_eixo,0,0
1788466823.99,643.54,0.00,30.44,RETRACT,saida_eixo,0,0
1788466824.10,643.65,-0.00,30.44,RETRACT,saida_eixo,0,0
1788466824.20,643.74,-0.00,30.44,RETRACT,saida_eixo,0,0
1788466824.30,643.85,-0.00,30.44,RETRACT,saida_eixo,0,0
1788466824.40,643.95,0.00,30.44,RETRACT,saida_eixo,0,0
1788466824.50,644.04,0.00,30.44,RETRACT,saida_eixo,0,0
1788466824.60,644.15,0.00,30.44,RETRACT,saida_eixo,0,0
1788466824.70,644.25,0.00,30.44,RETRACT,saida_eixo,0,0
1788466824.80,644.35,0.00,30.44,RETRACT,saida_eixo,0,0
1788466824.90,644.44,0.00,30.44,RETRACT,saida_eixo,0,0
1788466825.00,644.54,0.00,30.44,RETRACT,saida_eixo,0,0
1788466825.11,644.64,-0.00,30.44,RETRACT,saida_eixo,0,0
1788466825.21,644.74,0.00,30.44,RETRACT,saida_eixo,0,0
1788466825.31,644.84,-0.00,30.44,RETRACT,saida_eixo,0,0
1788466825.41,644.94,0.00,30.44,RETRACT,saida_eixo,0,0
1788466825.50,645.04,0.01,30.44,RETRACT,saida_eixo,0,0
1788466825.61,645.14,-0.00,30.44,RETRACT,saida_eixo,0,0
1788466825.71,645.24,-0.00,30.44,RETRACT,saida_eixo,0,0
1788466825.81,645.35,0.00,30.44,RETRACT,saida_eixo,0,0
1788466825.91,645.44,0.00,30.44,RETRACT,saida_eixo,0,0
1788466826.01,645.54,0.01,30.44,RETRACT,saida_eixo,0,0
1788466826.11,645.64,-0.01,30.44,RETRACT,saida_eixo,0,0
1788466826.21,645.74,-0.00,30.44,RETRACT,saida_eixo,0,0
1788466826.31,645.85,-0.00,30.44,RETRACT,saida_eixo,0,0
1788466826.41,645.94,-0.00,30.44,RETRACT,saida_eixo,0,0
1788466826.52,646.04,0.00,30.44,RETRACT,saida_eixo,0,0
1788466826.62,646.14,0.01,30.44,RETRACT,saida_eixo,0,0
1788466826.72,646.25,0.00,30.44,RETRACT,saida_eixo,0,0
1788466826.82,646.35,0.01,30.44,RETRACT,saida_eixo,0,0
1788466826.92,646.45,-0.00,30.44,RETRACT,saida_eixo,0,0
1788466827.02,646.54,0.00,30.44,RETRACT,saida_eixo,0,0
1788466827.13,646.65,0.00,30.44,RETRACT,saida_eixo,0,0
1788466827.22,646.74,0.00,30.44,RETRACT,saida_eixo,0,0
1788466827.33,646.84,0.00,30.44,RETRACT,saida_eixo,0,0
1788466827.43,646.95,-0.00,30.44,RETRACT,saida_eixo,0,0
1788466827.53,647.04,-0.01,30.44,RETRACT,saida_eixo,0,0
1788466827.63,647.14,0.00,30.44,RETRACT,saida_eixo,0,0
1788466827.73,647.25,0.01,30.44,RETRACT,saida_eixo,0,0
1788466827.84,647.35,-0.00,30.44,RETRACT,saida_eixo,0,0
1788466827.93,647.44,-0.00,30.44,RETRACT,saida_eixo,0,0
1788466828.03,647.54,0.01,30.44,RETRACT,saida_eixo,0,0
1788466828.14,647.64,-0.00,30.44,RETRACT,saida_eixo,0,0
1788466828.24,647.75,0.01,30.44,RETRACT,saida_eixo,0,0
1788466828.34,647.84,-0.00,30.44,RETRACT,saida_eixo,0,0
1788466828.44,647.94,-0.00,30.44,RETRACT,saida_eixo,0,0
1788466828.54,648.04,-0.00,30.44,RETRACT,saida_eixo,0,0
1788466828.64,648.14,-0.00,30.44,RETRACT,saida_eixo,0,0
1788466828.75,648.24,0.00,30.44,RETRACT,saida_eixo,0,0
1788466828.85,648.34,-0.01,30.44,RETRACT,saida_eixo,0,0
1788466828.95,648.44,0.00,30.44,RETRACT,saida_eixo,0,0
1788466829.05,648.54,-0.01,30.44,RETRACT,saida_eixo,0,0
1788466829.15,648.64,-0.00,30.44,RETRACT,saida_eixo,0,0
1788466829.25,648.75,0.00,30.44,RETRACT,saida_eixo,0,0
1788466829.36,648.85,0.00,30.44,RETRACT,saida_eixo,0,0
1788466829.45,648.94,0.00,30.44,RETRACT,saida_eixo,0,0
1788466829.55,649.04,0.00,30.44,RETRACT,saida_eixo,0,0
1788466829.65,649.14,-0.00,30.44,RETRACT,saida_eixo,0,0
1788466829.76,649.25,0.00,30.44,RETRACT,saida_eixo,0,0
1788466829.86,649.35,-0.00,30.44,RETRACT,saida_eixo,0,0
1788466829.96,649.45,0.01,30.44,RETRACT,saida_eixo,0,0
1788466830.06,649.55,-0.00,30.44,RETRACT,saida_eixo,0,0
1788466830.16,649.64,-0.00,30.44,RETRACT,saida_eixo,0,0
1788466830.26,649.74,0.00,30.44,RETRACT,saida_eixo,0,0
1788466830.36,649.84,-0.00,30.44,RETRACT,saida_eixo,0,0
1788466830.46,649.95,-0.00,30.44,RETRACT,saida_eixo,0,0
1788466830.56,650.04,-0.01,30.44,RETRACT,saida_eixo,0,0
1788466830.66,650.14,0.00,30.44,RETRACT,saida_eixo,0,0
1788466830.76,650.24,0.00,30.44,RETRACT,saida_eixo,0,0
1788466830.87,650.34,-0.00,30.44,RETRACT,saida_eixo,0,0
1788466830.97,650.45,0.00,30.44,RETRACT,saida_eixo,0,0
1788466831.07,650.54,-0.01,30.44,RETRACT,saida_eixo,0,0
1788466831.18,650.65,0.00,30.44,RETRACT,saida_eixo,0,0
1788466831.28,650.75,-0.01,30.44,RETRACT,saida_eixo,0,0
1788466831.38,650.85,-0.00,30.44,RETRACT,saida_eixo,0,0
1788466831.48,650.95,-0.00,30.44,RETRACT,saida_eixo,0,0
1788466831.58,651.04,0.00,30.44,RETRACT,saida_eixo,0,0
1788466831.68,651.14,0.00,30.44,RETRACT,saida_eixo,0,0
1788466831.78,651.25,0.01,30.44,RETRACT,saida_eixo,0,0
1788466831.88,651.34,-0.00,30.44,RETRACT,saida_eixo,0,0
1788466831.98,651.44,-0.00,30.44,RETRACT,saida_eixo,0,0
1788466832.08,651.54,-0.00,30.44,RETRACT,saida_eixo,0,0
1788466832.18,651.64,0.00,30.44,RETRACT,saida_eixo,0,0
1788466832.29,651.75,0.00,30.44,RETRACT,saida_eixo,0,0
1788466832.38,651.84,-0.00,30.44,RETRACT,saida_eixo,0,0
1788466832.48,651.94,-0.01,30.44,RETRACT,saida_eixo,0,0
1788466832.59,652.05,0.00,30.44,RETRACT,saida_eixo,0,0
1788466832.69,652.14,0.01,30.44,RETRACT,saida_eixo,0,0
1788466832.79,652.24,-0.00,30.44,RETRACT,saida_eixo,0,0
1788466832.89,652.34,0.00,30.44,RETRACT,saida_eixo,0,0
1788466832.99,652.45,0.00,30.44,RETRACT,saida_eixo,0,0
1788466833.09,652.55,-0.00,30.44,RETRACT,saida_eixo,0,0
1788466833.19,652.64,0.01,30.44,RETRACT,saida_eixo,0,0
1788466833.30,652.75,-0.01,30.44,RETRACT,saida_eixo,0,0
1788466833.40,652.84,-0.00,30.44,RETRACT,saida_eixo,0,0
1788466833.50,652.95,-0.00,30.44,RETRACT,saida_eixo,0,0
1788466833.61,653.05,-0.00,30.44,RETRACT,saida_eixo,0,0
1788466833.70,653.14,-0.01,30.44,RETRACT,saida_eixo,0,0
1788466833.80,653.24,0.01,30.44,RETRACT,saida_eixo,0,0
1788466833.91,653.35,0.01,30.44,RETRACT,saida_eixo,0,0
1788466834.01,653.44,0.00,30.44,RETRACT,saida_eixo,0,0
1788466834.11,653.54,-0.00,30.44,RETRACT,saida_eixo,0,0
1788466834.21,653.64,0.00,30.44,RETRACT,saida_eixo,0,0
1788466834.31,653.74,0.00,30.44,RETRACT,saida_eixo,0,0
1788466834.41,653.84,0.01,30.44,RETRACT,saida_eixo,0,0
1788466834.51,653.94,0.00,30.44,RETRACT,saida_eixo,0,0
1788466834.61,654.05,-0.00,30.44,RETRACT,saida_eixo,0,0
1788466834.71,654.14,-0.01,30.44,RETRACT,saida_eixo,0,0
1788466834.81,654.24,0.00,30.44,RETRACT,saida_eixo,0,0
1788466834.91,654.34,0.01,30.44,RETRACT,saida_eixo,0,0
1788466835.01,654.45,-0.00,30.44,RETRACT,saida_eixo,0,0
1788466835.11,654.54,-0.00,30.44,RETRACT,saida_eixo,0,0
1788466835.22,654.65,0.00,30.44,RETRACT,saida_eixo,0,0
1788466835.32,654.74,-0.00,30.44,RETRACT,saida_eixo,0,0
1788466835.42,654.85,0.01,30.44,RETRACT,saida_eixo,0,0
1788466835.52,654.95,-0.01,30.44,RETRACT,saida_eixo,0,0
1788466835.63,655.05,0.00,30.44,RETRACT,saida_eixo,0,0
1788466835.73,655.15,-0.01,30.44,RETRACT,saida_eixo,0,0
1788466835.83,655.25,-0.00,30.44,RETRACT,saida_eixo,0,0
1788466835.93,655.35,-0.01,30.44,RETRACT,saida_eixo,0,0
1788466836.03,655.45,0.00,30.44,RETRACT,saida_eixo,0,0
1788466836.13,655.54,0.00,30.44,RETRACT,saida_eixo,0,0
1788466836.24,655.65,0.00,30.44,RETRACT,saida_eixo,0,0
1788466836.34,655.74,-0.00,30.44,RETRACT,saida_eixo,0,0
1788466836.44,655.85,0.00,30.44,RETRACT,saida_eixo,0,0
1788466836.54,655.95,0.00,30.44,RETRACT,saida_eixo,0,0
1788466836.64,656.04,0.00,30.44,RETRACT,saida_eixo,0,0
1788466836.74,656.15,0.00,30.44,RETRACT,saida_eixo,0,0
1788466836.84,656.24,0.00,30.44,RETRACT,saida_eixo,0,0
1788466836.95,656.35,0.00,30.44,RETRACT,saida_eixo,0,0
1788466837.04,656.44,-0.00,30.44,RETRACT,saida_eixo,0,0
1788466837.14,656.54,0.01,30.44,RETRACT,saida_eixo,0,0
1788466837.25,656.65,-0.00,30.44,RETRACT,saida_eixo,0,0
1788466837.35,656.74,-0.00,30.44,RETRACT,saida_eixo,0,0
1788466837.45,656.84,-0.00,30.44,RETRACT,saida_eixo,0,0
1788466837.55,656.95,-0.00,30.44,RETRACT,saida_eixo,0,0
1788466837.65,657.04,-0.00,30.44,RETRACT,saida_eixo,0,0
1788466837.75,657.14,-0.01,30.44,RETRACT,saida_eixo,0,0
1788466837.85,657.25,0.00,30.44,RETRACT,saida_eixo,0,0
1788466837.95,657.35,-0.00,30.44,RETRACT,saida_eixo,0,0
1788466838.05,657.44,-0.00,30.44,RETRACT,saida_eixo,0,0
1788466838.15,657.54,-0.00,30.44,RETRACT,saida_eixo,0,0
1788466838.26,657.64,-0.01,30.44,RETURN,saida_eixo,0,0
1788466838.36,657.75,0.00,30.44,RETURN,saida_eixo,0,0
1788466838.46,657.85,-0.01,30.44,RETURN,saida_eixo,0,0
1788466838.56,657.94,-0.00,30.44,RETURN,saida_eixo,0,0
1788466838.66,658.04,-0.00,30.44,RETURN,saida_eixo,0,0
1788466838.76,658.14,0.00,30.44,RETURN,saida_eixo,0,0
1788466838.86,658.24,0.01,30.44,RETURN,saida_eixo,0,0
1788466838.97,658.35,0.00,30.44,RETURN,saida_eixo,0,0
1788466839.07,658.44,-0.00,30.44,RETURN,saida_eixo,0,0
1788466839.17,658.54,-0.00,30.44,RETURN,saida_eixo,0,0
1788466839.27,658.64,0.00,30.44,RETURN,saida_eixo,0,0
1788466839.37,658.74,0.01,30.44,RETURN,saida_eixo,0,0
1788466839.47,658.84,-0.00,30.44,RETURN,saida_eixo,0,0
1788466839.57,658.95,0.00,30.44,RETURN,saida_eixo,0,0
1788466839.67,659.04,-0.00,30.44,RETURN,saida_eixo,0,0
1788466839.77,659.14,-0.00,30.44,RETURN,saida_eixo,0,0
1788466839.87,659.24,-0.00,30.44,RETURN,saida_eixo,0,0
1788466839.98,659.35,-0.01,30.44,RETURN,saida_eixo,0,0
1788466840.07,659.44,0.00,30.44,RETURN,saida_eixo,0,0
1788466840.17,659.54,0.00,30.44,RETURN,saida_eixo,0,0
1788466840.27,659.64,0.00,30.44,RETURN,saida_eixo,0,0
1788466840.38,659.75,-0.00,30.44,RETURN,saida_eixo,0,0
1788466840.47,659.84,-0.00,30.44,RETURN,saida_eixo,0,0
1788466840.58,659.95,0.00,30.44,RETURN,saida_eixo,0,0
1788466840.68,660.05,-0.01,30.44,RETURN,saida_eixo,0,0
1788466840.78,660.14,-0.00,30.44,RETURN,saida_eixo,0,0
1788466840.88,660.24,-0.01,30.44,RETURN,saida_eixo,0,0
1788466840.98,660.35,0.01,30.44,RETURN,saida_eixo,0,0
1788466841.08,660.44,0.00,30.44,RETURN,saida_eixo,0,0
1788466841.18,660.54,0.01,30.44,RETURN,saida_eixo,0,0
1788466841.28,660.64,-0.00,30.44,RETURN,saida_eixo,0,0
1788466841.38,660.75,-0.00,30.44,RETURN,saida_eixo,0,0
1788466841.48,660.84,0.00,30.44,RETURN,saida_eixo,0,0
1788466841.58,660.94,0.01,30.44,RETURN,saida_eixo,0,0
1788466841.69,661.04,0.00,30.44,RETURN,saida_eixo,0,0
1788466841.79,661.14,-0.00,30.44,RETURN,saida_eixo,0,0
1788466841.89,661.24,-0.01,30.44,RETURN,saida_eixo,0,0
1788466841.99,661.34,0.00,30.44,RETURN,saida_eixo,0,0
1788466842.10,661.45,0.01,30.44,RETURN,saida_eixo,0,0
1788466842.20,661.55,-0.00,30.44,RETURN,saida_eixo,0,0
1788466842.30,661.64,-0.00,30.44,RETURN,saida_eixo,0,0
1788466842.40,661.74,0.01,30.44,RETURN,saida_eixo,0,0
1788466842.50,661.84,-0.00,30.44,RETURN,saida_eixo,0,0
1788466842.60,661.94,0.01,30.44,RETURN,saida_eixo,0,0
1788466842.70,662.04,-0.00,30.44,RETURN,saida_eixo,0,0
1788466842.80,662.14,-0.00,30.44,RETURN,saida_eixo,0,0
1788466842.90,662.24,-0.00,30.44,RETURN,saida_eixo,0,0
1788466843.00,662.35,-0.00,30.44,RETURN,saida_eixo,0,0
1788466843.10,662.45,-0.00,30.44,RETURN,saida_eixo,0,0
1788466843.20,662.54,0.00,30.44,RETURN,saida_eixo,0,0
1788466843.30,662.64,0.00,30.44,RETURN,saida_eixo,0,0
1788466843.40,662.74,-0.00,30.44,RETURN,saida_eixo,0,0
1788466843.51,662.85,-0.00,30.44,RETURN,saida_eixo,0,0
1788466843.61,662.94,0.00,30.44,RETURN,saida_eixo,0,0
1788466843.71,663.05,0.00,30.44,RETURN,saida_eixo,0,0
1788466843.81,663.15,0.01,30.44,RETURN,saida_eixo,0,0
1788466843.91,663.24,0.00,30.44,RETURN,saida_eixo,0,0
1788466844.01,663.34,-0.00,30.44,RETURN,saida_eixo,0,0
1788466844.11,663.45,-0.01,30.44,RETURN,saida_eixo,0,0
1788466844.21,663.54,-0.00,30.44,RETURN,saida_eixo,0,0
1788466844.31,663.64,0.01,30.44,RETURN,saida_eixo,0,0
1788466844.42,663.74,0.00,30.44,RETURN,saida_eixo,0,0
1788466844.52,663.84,0.00,30.44,RETURN,saida_eixo,0,0
1788466844.62,663.95,0.00,30.44,RETURN,saida_eixo,0,0
1788466844.72,664.04,0.00,30.44,RETURN,saida_eixo,0,0
1788466844.82,664.15,0.01,30.44,RETURN,saida_eixo,0,0
1788466844.92,664.24,-0.01,30.44,RETURN,saida_eixo,0,0
1788466845.03,664.35,-0.00,30.44,RETURN,saida_eixo,0,0
1788466845.13,664.45,-0.00,30.44,RETURN,saida_eixo,0,0
1788466845.23,664.54,-0.00,30.44,RETURN,saida_eixo,0,0
1788466845.33,664.64,-0.00,30.44,RETURN,saida_eixo,0,0
1788466845.43,664.75,0.00,30.44,RETURN,saida_eixo,0,0
1788466845.53,664.85,0.00,30.44,RETURN,saida_eixo,0,0
1788466845.64,664.95,-0.01,30.44,RETURN,saida_eixo,0,0
1788466845.74,665.04,-0.00,30.44,RETURN,saida_eixo,0,0
1788466845.84,665.14,-0.00,30.44,RETURN,saida_eixo,0,0
1788466845.94,665.25,0.00,30.44,RETURN,saida_eixo,0,0
1788466846.04,665.35,0.00,30.44,RETURN,saida_eixo,0,0
1788466846.14,665.45,0.01,30.44,RETURN,saida_eixo,0,0
1788466846.24,665.55,0.00,30.44,RETURN,saida_eixo,0,0
1788466846.34,665.64,-0.00,30.44,RETURN,saida_eixo,0,0
1788466846.44,665.74,0.00,30.44,RETURN,saida_eixo,0,0
1788466846.55,665.85,0.01,30.44,RETURN,saida_eixo,0,0
1788466846.64,665.95,-0.00,30.44,RETURN,saida_eixo,0,0
1788466846.74,666.04,0.00,30.44,RETURN,saida_eixo,0,0
1788466846.85,666.14,-0.01,30.44,RETURN,saida_eixo,0,0
1788466846.95,666.24,-0.00,30.44,RETURN,saida_eixo,0,0
1788466847.05,666.35,-0.00,30.44,RETURN,saida_eixo,0,0
1788466847.15,666.44,-0.00,30.44,RETURN,saida_eixo,0,0
1788466847.25,666.54,-0.00,30.44,RETURN,saida_eixo,0,0
1788466847.35,666.64,0.00,30.44,RETURN,saida_eixo,0,0
1788466847.45,666.75,-0.00,30.44,RETURN,saida_eixo,0,0
1788466847.55,666.84,0.01,30.44,RETURN,saida_eixo,0,0
1788466847.65,666.95,-0.01,30.44,RETURN,saida_eixo,0,0
1788466847.75,667.04,0.00,30.44,RETURN,saida_eixo,0,0
1788466847.85,667.14,-0.01,30.44,RETURN,saida_eixo,0,0
1788466847.95,667.24,-0.00,30.44,RETURN,saida_eixo,0,0
1788466848.05,667.35,-0.01,30.44,RETURN,saida_eixo,0,0
1788466848.15,667.44,0.01,30.44,RETURN,saida_eixo,0,0
1788466848.25,667.54,0.00,30.44,RETURN,saida_eixo,0,0
1788466848.36,667.64,0.00,30.44,RETURN,saida_eixo,0,0
1788466848.46,667.74,-0.00,30.44,RETURN,saida_eixo,0,0
1788466848.56,667.84,0.00,30.44,RETURN,saida_eixo,0,0
1788466848.66,667.94,0.00,30.44,RETURN,saida_eixo,0,0
1788466848.76,668.04,0.00,30.44,RETURN,saida_eixo,0,0
1788466848.86,668.14,0.00,30.44,RETURN,saida_eixo,0,0
1788466848.96,668.24,-0.00,30.44,RETURN,saida_eixo,0,0
1788466849.07,668.35,-0.00,30.44,RETURN,saida_eixo,0,0
1788466849.16,668.44,0.00,30.44,RETURN,saida_eixo,0,0
1788466849.27,668.54,0.01,30.44,RETURN,saida_eixo,0,0
1788466849.37,668.64,-0.00,30.44,RETURN,saida_eixo,0,0
1788466849.47,668.75,0.00,30.44,RETURN,saida_eixo,0,0
1788466849.57,668.84,0.01,30.44,RETURN,saida_eixo,0,0
1788466849.67,668.94,0.00,30.44,RETURN,saida_eixo,0,0
1788466849.77,669.04,0.01,30.44,RETURN,saida_eixo,0,0
1788466849.87,669.14,-0.01,30.44,RETURN,saida_eixo,0,0
1788466849.97,669.25,0.00,30.44,RETURN,saida_eixo,0,0
1788466850.07,669.35,-0.00,30.44,RETURN,saida_eixo,0,0
1788466850.17,669.45,-0.00,30.44,RETURN,saida_eixo,0,0
1788466850.27,669.54,0.00,30.44,RETURN,saida_eixo,0,0
1788466850.37,669.64,-0.01,30.44,RETURN,saida_eixo,0,0
1788466850.47,669.75,0.00,30.44,RETURN,saida_eixo,0,0
1788466850.58,669.85,0.00,30.44,RETURN,saida_eixo,0,0
1788466850.68,669.95,-0.00,30.44,RETURN,saida_eixo,0,0
1788466850.77,670.04,-0.00,30.44,RETURN,saida_eixo,0,0
1788466850.87,670.14,0.00,30.44,RETURN,saida_eixo,0,0
1788466850.97,670.24,0.01,30.44,RETURN,saida_eixo,0,0
1788466851.07,670.34,0.01,30.44,RETURN,saida_eixo,0,0
1788466851.17,670.44,-0.00,30.44,RETURN,saida_eixo,0,0
1788466851.27,670.54,0.00,30.44,RETURN,saida_eixo,0,0
1788466851.38,670.64,-0.00,30.44,RETURN,saida_eixo,0,0
1788466851.48,670.75,0.01,30.44,RETURN,saida_eixo,0,0
1788466851.58,670.85,0.00,30.44,RETURN,saida_eixo,0,0
1788466851.68,670.94,-0.00,30.44,RETURN,saida_eixo,0,0
1788466851.79,671.05,0.01,30.44,RETURN,saida_eixo,0,0
1788466851.89,671.14,0.00,30.44,RETURN,saida_eixo,0,0
1788466851.99,671.24,-0.00,30.44,RETURN,saida_eixo,0,0
1788466852.09,671.34,-0.00,30.44,RETURN,saida_eixo,0,0
1788466852.19,671.44,-0.00,30.44,RETURN,saida_eixo,0,0
1788466852.29,671.54,0.00,30.44,RETURN,saida_eixo,0,0
1788466852.39,671.65,-0.00,30.44,RETURN,saida_eixo,0,0
1788466852.49,671.75,0.00,30.44,RETURN,saida_eixo,0,0
1788466852.59,671.84,-0.01,30.44,RETURN,saida_eixo,0,0
1788466852.69,671.94,0.00,30.44,RETURN,saida_eixo,0,0
1788466852.79,672.04,-0.00,30.44,RETURN,saida_eixo,0,0
1788466852.90,672.14,-0.00,30.44,RETURN,saida_eixo,0,0
1788466853.00,672.24,-0.00,30.44,RETURN,saida_eixo,0,0
1788466853.10,672.34,0.00,30.44,RETURN,saida_eixo,0,0
1788466853.20,672.45,0.00,30.44,RETURN,saida_eixo,0,0
1788466853.30,672.55,0.00,30.44,RETURN,saida_eixo,0,0
1788466853.40,672.64,-0.00,30.44,RETURN,saida_eixo,0,0
1788466853.50,672.74,-0.00,30.44,RETURN,saida_eixo,0,0
1788466853.60,672.85,0.00,30.44,RETURN,saida_eixo,0,0
1788466853.70,672.95,0.00,30.44,RETURN,saida_eixo,0,0
1788466853.80,673.04,-0.00,30.44,RETURN,saida_eixo,0,0
1788466853.91,673.14,-0.00,30.44,RETURN,saida_eixo,0,0
1788466854.01,673.25,-0.00,30.44,RETURN,saida_eixo,0,0
1788466854.11,673.35,0.00,30.44,RETURN,saida_eixo,0,0
1788466854.21,673.44,-0.00,30.44,RETURN,saida_eixo,0,0
1788466854.31,673.54,-0.00,30.44,RETURN,saida_eixo,0,0
1788466854.42,673.64,-0.00,30.44,RETURN,saida_eixo,0,0
1788466854.52,673.75,0.00,30.44,RETURN,saida_eixo,0,0
1788466854.62,673.85,-0.00,30.44,RETURN,saida_eixo,0,0
1788466854.72,673.94,0.01,30.44,RETURN,saida_eixo,0,0
1788466854.82,674.04,-0.00,30.44,RETURN,saida_eixo,0,0
1788466854.92,674.14,0.00,30.44,RETURN,saida_eixo,0,0
1788466855.02,674.25,-0.01,30.44,RETURN,saida_eixo,0,0
1788466855.12,674.35,-0.00,30.44,RETURN,saida_eixo,0,0
1788466855.23,674.45,0.00,30.44,RETURN,saida_eixo,0,0
1788466855.33,674.54,0.01,30.44,RETURN,saida_eixo,0,0
1788466855.43,674.64,0.00,30.44,RETURN,saida_eixo,0,0
1788466855.52,674.74,0.00,30.44,RETURN,saida_eixo,0,0
1788466855.63,674.84,-0.00,30.44,RETURN,saida_eixo,0,0
1788466855.73,674.95,-0.00,30.44,RETURN,saida_eixo,0,0
1788466855.83,675.04,0.00,30.44,RETURN,saida_eixo,0,0
1788466855.93,675.15,0.01,30.44,RETURN,saida_eixo,0,0
1788466856.03,675.25,-0.00,30.44,RETURN,saida_eixo,0,0
1788466856.13,675.35,-0.00,30.44,RETURN,saida_eixo,0,0
1788466856.23,675.45,-0.01,30.44,RETURN,saida_eixo,0,0
1788466856.34,675.55,-0.00,30.44,RETURN,saida_eixo,0,0
1788466856.44,675.65,-0.00,30.44,RETURN,saida_eixo,0,0
1788466856.54,675.74,-0.00,30.44,RETURN,saida_eixo,0,0
1788466856.64,675.84,0.00,30.44,RETURN,saida_eixo,0,0
1788466856.74,675.94,0.01,30.44,RETURN,saida_eixo,0,0
1788466856.84,676.04,0.00,30.44,RETURN,saida_eixo,0,0
1788466856.94,676.14,0.01,30.44,RETURN,saida_eixo,0,0
1788466857.04,676.24,-0.01,30.44,RETURN,saida_eixo,0,0
1788466857.14,676.35,-0.00,30.44,RETURN,saida_eixo,0,0
1788466857.24,676.44,-0.00,30.44,RETURN,saida_eixo,0,0
1788466857.34,676.54,-0.00,30.44,RETURN,saida_eixo,0,0
1788466857.44,676.64,0.00,30.44,RETURN,saida_eixo,0,0
1788466857.54,676.75,0.00,30.44,RETURN,saida_eixo,0,0
1788466857.65,676.85,0.00,30.44,RETURN,saida_eixo,0,0
1788466857.75,676.94,-0.01,30.44,RETURN,saida_eixo,0,0
1788466857.85,677.04,-0.00,30.44,RETURN,saida_eixo,0,0
1788466857.95,677.15,0.00,30.44,RETURN,saida_eixo,0,0
1788466858.05,677.24,0.00,30.44,RETURN,saida_eixo,0,0
1788466858.15,677.34,0.01,30.44,RETURN,saida_eixo,0,0
1788466858.25,677.44,0.01,30.44,RETURN,saida_eixo,0,0
1788466858.35,677.54,-0.00,30.44,RETURN,saida_eixo,0,0
1788466858.45,677.64,0.00,30.44,RETURN,saida_eixo,0,0
1788466858.55,677.75,-0.00,30.44,RETURN,saida_eixo,0,0
1788466858.66,677.85,0.01,30.44,RETURN,saida_eixo,0,0
1788466858.76,677.95,-0.00,30.44,RETURN,saida_eixo,0,0
1788466858.86,678.04,-0.00,30.44,RETURN,saida_eixo,0,0
1788466858.96,678.14,0.01,30.44,RETURN,saida_eixo,0,0
1788466859.06,678.24,0.00,30.44,RETURN,saida_eixo,0,0
1788466859.16,678.34,-0.00,30.44,RETURN,saida_eixo,0,0
1788466859.26,678.44,-0.01,30.44,RETURN,saida_eixo,0,0
1788466859.36,678.55,-0.00,30.44,RETURN,saida_eixo,0,0
1788466859.46,678.64,0.00,30.44,RETURN,saida_eixo,0,0
1788466859.56,678.75,-0.00,30.44,RETURN,saida_eixo,0,0
1788466859.67,678.85,-0.00,30.44,RETURN,saida_eixo,0,0
1788466859.77,678.95,0.00,30.44,RETURN,saida_eixo,0,0
1788466859.87,679.05,0.00,30.44,RETURN,saida_eixo,0,0
1788466859.97,679.14,-0.01,30.44,RETURN,saida_eixo,0,0
1788466860.07,679.25,-0.00,30.44,RETURN,saida_eixo,0,0
1788466860.17,679.35,-0.00,30.44,RETURN,saida_eixo,0,0
1788466860.27,679.45,0.00,30.44,RETURN,saida_eixo,0,0
1788466860.37,679.54,0.01,30.44,RETURN,saida_eixo,0,0
1788466860.47,679.64,0.01,30.44,RETURN,saida_eixo,0,0
1788466860.57,679.75,-0.00,30.44,RETURN,saida_eixo,0,0
1788466860.67,679.84,-0.00,30.44,RETURN,saida_eixo,0,0
1788466860.77,679.94,0.00,30.44,RETURN,saida_eixo,0,0
1788466860.87,680.04,0.00,30.44,RETURN,saida_eixo,0,0
1788466860.97,680.14,-0.00,30.44,RETURN,saida_eixo,0,0
1788466861.08,680.24,0.00,30.44,RETURN,saida_eixo,0,0
1788466861.18,680.34,-0.00,30.44,RETURN,saida_eixo,0,0
1788466861.28,680.45,0.00,30.44,RETURN,saida_eixo,0,0
1788466861.38,680.55,-0.00,30.44,RETURN,saida_eixo,0,0
1788466861.48,680.64,-0.00,30.44,RETURN,saida_eixo,0,0
1788466861.58,680.75,0.00,30.44,RETURN,saida_eixo,0,0
1788466861.68,680.84,0.00,30.44,RETURN,saida_eixo,0,0
1788466861.78,680.95,-0.00,30.44,RETURN,saida_eixo,0,0
1788466861.88,681.04,0.01,30.44,RETURN,saida_eixo,0,0
1788466861.99,681.15,-0.01,30.44,RETURN,saida_eixo,0,0
1788466862.09,681.25,0.01,30.44,RETURN,saida_eixo,0,0
1788466862.19,681.35,-0.00,30.44,RETURN,saida_eixo,0,0
1788466862.29,681.45,-0.00,30.44,RETURN,saida_eixo,0,0
1788466862.39,681.55,-0.00,30.44,RETURN,saida_eixo,0,0
1788466862.49,681.64,0.01,30.44,RETURN,saida_eixo,0,0
1788466862.59,681.74,0.00,30.44,RETURN,saida_eixo,0,0
1788466862.69,681.84,-0.00,30.44,RETURN,saida_eixo,0,0
1788466862.79,681.95,-0.00,30.44,RETURN,saida_eixo,0,0
1788466862.89,682.04,0.00,30.44,RETURN,saida_eixo,0,0
1788466862.99,682.14,0.00,30.44,RETURN,saida_eixo,0,0
1788466863.09,682.24,0.01,30.44,RETURN,saida_eixo,0,0
1788466863.19,682.34,0.00,30.44,RETURN,saida_eixo,0,0
1788466863.30,682.45,0.00,30.44,RETURN,saida_eixo,0,0
1788466863.40,682.54,-0.01,30.44,RETURN,saida_eixo,0,0
1788466863.50,682.64,-0.00,30.44,RETURN,saida_eixo,0,0
1788466863.60,682.75,-0.00,30.44,RETURN,saida_eixo,0,0
1788466863.70,682.85,-0.00,30.44,RETURN,saida_eixo,0,0
1788466863.80,682.94,0.00,30.44,RETURN,saida_eixo,0,0
1788466863.90,683.04,0.01,30.44,RETURN,saida_eixo,0,0
1788466864.00,683.15,0.00,30.44,RETURN,saida_eixo,0,0
1788466864.10,683.24,0.01,30.44,RETURN,saida_eixo,0,0
1788466864.21,683.35,-0.00,30.44,RETURN,saida_eixo,0,0
1788466864.31,683.44,-0.00,30.44,RETURN,saida_eixo,0,0
1788466864.41,683.54,-0.00,30.44,RETURN,saida_eixo,0,0
1788466864.51,683.64,-0.00,30.44,RETURN,saida_eixo,0,0
1788466864.61,683.75,-0.01,30.44,RETURN,saida_eixo,0,0
1788466864.71,683.84,0.00,30.44,RETURN,saida_eixo,0,0
1788466864.82,683.95,0.00,30.44,RETURN,saida_eixo,0,0
1788466864.92,684.04,-0.00,30.44,RETURN,saida_eixo,0,0
1788466865.02,684.15,-0.00,30.44,RETURN,saida_eixo,0,0
1788466865.12,684.25,0.00,30.44,RETURN,saida_eixo,0,0
1788466865.22,684.34,0.00,30.44,RETURN,saida_eixo,0,0
1788466865.32,684.44,0.00,30.44,RETURN,saida_eixo,0,0
1788466865.42,684.54,0.01,30.44,RETURN,saida_eixo,0,0
1788466865.52,684.64,0.00,30.44,RETURN,saida_eixo,0,0
1788466865.62,684.74,-0.00,30.44,RETURN,saida_eixo,0,0
1788466865.72,684.85,0.00,30.44,RETURN,saida_eixo,0,0
1788466865.82,684.95,0.01,30.44,RETURN,saida_eixo,0,0
1788466865.92,685.04,-0.00,30.44,RETURN,saida_eixo,0,0
1788466866.03,685.15,0.00,30.44,RETURN,saida_eixo,0,0
1788466866.12,685.24,-0.00,30.44,RETURN,saida_eixo,0,0
1788466866.23,685.34,0.00,30.44,RETURN,saida_eixo,0,0
1788466866.33,685.44,-0.00,30.44,RETURN,saida_eixo,0,0
1788466866.43,685.54,-0.00,30.44,RETURN,saida_eixo,0,0
1788466866.53,685.64,-0.00,30.44,RETURN,saida_eixo,0,0
1788466866.63,685.74,0.00,30.44,RETURN,saida_eixo,0,0
1788466866.73,685.84,0.00,30.44,RETURN,saida_eixo,0,0
1788466866.83,685.94,0.01,30.44,RETURN,saida_eixo,0,0
1788466866.93,686.04,-0.01,30.44,RETURN,saida_eixo,0,0
1788466867.03,686.14,0.00,30.44,RETURN,saida_eixo,0,0
1788466867.13,686.24,-0.00,30.44,RETURN,saida_eixo,0,0
1788466867.23,686.34,-0.00,30.44,RETURN,saida_eixo,0,0
1788466867.33,686.44,-0.00,30.44,RETURN,saida_eixo,0,0
1788466867.43,686.54,0.00,30.44,RETURN,saida_eixo,0,0
1788466867.53,686.64,0.00,30.44,RETURN,saida_eixo,0,0
1788466867.63,686.75,0.00,30.44,RETURN,saida_eixo,0,0
1788466867.73,686.84,-0.00,30.44,RETURN,saida_eixo,0,0
1788466867.83,686.94,-0.00,30.44,RETURN,saida_eixo,0,0
1788466867.93,687.04,0.00,30.44,RETURN,saida_eixo,0,0
1788466868.04,687.14,0.00,30.44,RETURN,saida_eixo,0,0
1788466868.14,687.24,-0.00,30.44,RETURN,saida_eixo,0,0
1788466868.24,687.34,0.00,30.44,RETURN,saida_eixo,0,0
1788466868.34,687.45,-0.00,30.44,RETURN,saida_eixo,0,0
1788466868.44,687.54,0.00,30.44,RETURN,saida_eixo,0,0
1788466868.54,687.64,-0.00,30.44,RETURN,saida_eixo,0,0
1788466868.64,687.75,-0.01,30.44,RETURN,saida_eixo,0,0
1788466868.74,687.84,0.00,30.44,RETURN,saida_eixo,0,0
1788466868.84,687.94,0.00,30.44,RETURN,saida_eixo,0,0
1788466868.94,688.04,0.00,30.44,RETURN,saida_eixo,0,0
1788466869.04,688.14,0.01,30.44,RETURN,saida_eixo,0,0
1788466869.14,688.24,-0.00,30.44,RETURN,saida_eixo,0,0
1788466869.25,688.35,0.00,30.44,RETURN,saida_eixo,0,0
1788466869.34,688.44,-0.00,30.44,RETURN,saida_eixo,0,0
1788466869.44,688.54,-0.00,30.44,RETURN,saida_eixo,0,0
1788466869.54,688.64,-0.01,30.44,RETURN,saida_eixo,0,0
1788466869.64,688.74,0.00,30.44,RETURN,saida_eixo,0,0
1788466869.74,688.84,0.00,30.44,RETURN,saida_eixo,0,0
