wall,sim,lingueta_mm,lamina_deg,fase
1788443949.75,786.50,-0.00,0.00,
1788443949.85,786.60,0.01,0.00,
1788443949.95,786.70,0.00,0.00,
1788443950.05,786.80,0.01,0.00,
1788443950.15,786.90,-0.00,0.00,
1788443950.25,787.00,-0.01,0.00,
1788443950.35,787.10,0.00,0.00,
1788443950.46,787.20,0.01,0.00,
1788443950.56,787.30,-0.00,0.00,
1788443950.66,787.40,0.00,0.00,
1788443950.76,787.50,0.01,0.00,
1788443950.86,787.60,-0.00,0.00,
1788443950.97,787.70,-0.00,0.00,
1788443951.07,787.80,0.01,0.00,
1788443951.16,787.90,-0.00,0.00,
1788443951.27,788.00,-0.00,0.00,
1788443951.37,788.10,0.01,0.00,
1788443951.47,788.20,0.01,0.00,
1788443951.57,788.30,0.01,0.00,
1788443951.67,788.40,0.00,0.00,
1788443951.77,788.50,0.00,0.00,
1788443951.87,788.60,0.00,0.00,
1788443951.97,788.70,0.00,0.00,
1788443952.07,788.80,0.00,0.00,
1788443952.18,788.90,0.00,0.00,
1788443952.28,789.00,0.01,0.00,
1788443952.37,789.10,0.00,0.00,
1788443952.48,789.20,0.01,0.00,
1788443952.58,789.30,0.01,0.00,
1788443952.68,789.40,0.00,0.00,
1788443952.78,789.50,0.01,0.00,
1788443952.88,789.60,0.01,0.00,
1788443952.98,789.70,-0.00,0.00,
1788443953.08,789.80,0.00,0.00,
1788443953.18,789.90,-0.00,0.00,
1788443953.29,790.00,0.00,0.00,
1788443953.39,790.10,0.00,0.00,
1788443953.49,790.20,0.00,0.00,
1788443953.59,790.30,0.00,0.00,
1788443953.69,790.40,0.00,0.00,
1788443953.81,790.50,0.00,0.00,
1788443953.93,790.60,0.00,0.00,
1788443954.02,790.70,0.00,0.00,
1788443954.12,790.80,0.00,0.00,
1788443954.22,790.90,0.00,0.00,
1788443954.36,791.00,0.00,0.00,
1788443954.45,791.10,-0.01,0.00,
1788443954.54,791.20,0.00,0.00,
1788443954.64,791.30,0.01,0.00,
1788443954.74,791.40,-0.00,0.00,
1788443954.84,791.50,0.01,0.00,
1788443954.95,791.60,0.01,0.00,
1788443955.05,791.70,0.00,0.00,
1788443955.15,791.80,-0.00,0.00,
1788443955.25,791.90,0.00,0.00,
1788443955.36,792.00,-0.00,0.00,
1788443955.46,792.10,0.01,0.00,
1788443955.56,792.20,-0.00,0.00,
1788443955.67,792.30,0.00,0.00,
1788443955.76,792.40,0.01,0.00,
1788443955.87,792.50,0.00,0.00,
1788443955.97,792.60,0.00,0.00,
1788443956.07,792.70,0.01,0.00,
1788443956.17,792.80,0.00,0.00,
1788443956.28,792.90,0.01,0.00,
1788443956.38,793.00,0.00,0.00,
1788443956.47,793.10,0.00,0.00,
1788443956.58,793.20,-0.00,0.00,
1788443956.68,793.30,0.00,0.00,
1788443956.78,793.40,-0.00,0.00,
1788443956.88,793.50,0.00,0.00,
1788443956.98,793.60,0.00,0.00,
1788443957.09,793.70,0.00,0.00,
1788443957.19,793.80,0.01,0.00,
1788443957.29,793.90,0.00,0.00,
1788443957.40,794.00,-0.00,0.00,
1788443957.50,794.10,0.01,0.00,
1788443957.59,794.20,0.00,0.00,
1788443957.70,794.30,-0.00,0.00,
1788443957.80,794.40,0.00,0.00,
1788443957.90,794.50,-0.00,0.00,
1788443958.00,794.60,-0.00,0.00,
1788443958.10,794.70,0.00,0.00,
1788443958.20,794.80,0.01,0.00,
1788443958.31,794.90,-0.00,0.00,
1788443958.41,795.00,0.00,0.00,
1788443958.51,795.10,0.00,0.00,
1788443958.61,795.20,-0.00,0.00,
1788443958.71,795.30,0.00,0.00,
1788443958.81,795.40,-0.00,0.00,
1788443958.92,795.50,-0.00,0.00,
1788443959.02,795.60,0.00,0.00,
1788443959.12,795.70,0.00,0.00,
1788443959.22,795.80,0.00,0.00,
1788443959.32,795.90,0.00,0.00,
1788443959.42,796.00,-0.00,0.00,
1788443959.52,796.10,0.01,0.00,
1788443959.62,796.20,-0.00,0.00,
1788443959.72,796.30,0.00,0.00,
1788443959.82,796.40,0.00,0.00,
1788443959.92,796.50,-0.00,0.00,
1788443960.02,796.60,-0.00,0.00,
1788443960.12,796.70,-0.00,0.00,
1788443960.22,796.80,0.01,0.00,
1788443960.33,796.90,-0.00,0.00,
1788443960.43,797.00,0.01,0.00,
1788443960.53,797.10,0.01,0.00,
1788443960.63,797.20,-0.00,0.00,
1788443960.73,797.30,0.00,0.00,
1788443960.83,797.40,-0.00,0.00,
1788443960.94,797.50,0.01,0.00,
1788443961.04,797.60,-0.00,0.00,
1788443961.14,797.70,0.01,0.00,
1788443961.24,797.80,-0.00,0.00,
1788443961.34,797.90,-0.00,0.00,
1788443961.44,798.00,0.01,0.00,
1788443961.54,798.10,-0.00,0.00,
1788443961.64,798.20,0.01,0.00,
1788443961.75,798.30,0.01,0.00,
1788443961.85,798.40,0.00,0.00,
1788443961.94,798.50,0.01,0.00,
1788443962.04,798.60,0.00,0.00,
1788443962.15,798.70,0.00,0.00,
1788443962.25,798.80,0.00,0.00,
1788443962.35,798.90,-0.00,0.00,
1788443962.45,799.00,-0.00,0.00,
1788443962.55,799.10,-0.00,0.00,
1788443962.65,799.20,0.01,0.00,
1788443962.75,799.30,0.01,0.00,
1788443962.85,799.40,0.00,0.00,
1788443962.96,799.50,0.01,0.00,
1788443963.06,799.60,-0.00,0.00,
1788443963.16,799.70,0.01,0.00,
1788443963.26,799.80,0.01,0.00,
1788443963.36,799.90,0.00,0.00,
1788443963.46,800.00,0.01,0.00,
1788443963.56,800.10,0.00,0.00,
1788443963.66,800.20,-0.00,0.00,
1788443963.76,800.30,0.01,0.00,
1788443963.86,800.40,0.01,0.00,
1788443963.96,800.50,-0.00,0.00,
1788443964.06,800.60,-0.00,0.00,
1788443964.16,800.70,0.01,0.00,
1788443964.26,800.80,-0.00,0.00,
1788443964.36,800.90,0.01,0.00,
1788443964.46,801.00,-0.01,0.00,
1788443964.56,801.10,-0.00,0.00,
1788443964.67,801.20,0.00,0.00,
1788443964.77,801.30,0.00,0.00,
1788443964.87,801.40,-0.00,0.00,
1788443964.97,801.50,0.00,0.00,
1788443965.07,801.60,0.01,0.00,
1788443965.18,801.70,-0.00,0.00,
1788443965.27,801.80,0.00,0.00,
1788443965.38,801.90,0.01,0.00,
1788443965.48,802.00,-0.00,0.00,
1788443965.58,802.10,-0.00,0.00,
1788443965.68,802.20,0.00,0.00,
1788443965.79,802.30,0.00,0.00,
1788443965.89,802.40,-0.00,0.00,
1788443965.99,802.50,-0.00,0.00,
1788443966.09,802.60,0.01,0.00,
1788443966.20,802.70,-0.00,0.00,
1788443966.30,802.80,-0.01,0.00,
1788443966.40,802.90,-0.00,0.00,
1788443966.50,803.00,-0.00,0.00,
1788443966.60,803.10,0.00,0.00,
1788443966.70,803.20,0.00,0.00,
1788443966.80,803.30,0.00,0.00,
1788443966.90,803.40,0.00,0.00,
1788443967.00,803.50,-0.00,0.00,
1788443967.10,803.60,0.00,0.00,
1788443967.21,803.70,0.00,0.00,
1788443967.31,803.80,0.01,0.00,
1788443967.41,803.90,0.01,0.00,
1788443967.51,804.00,0.00,0.00,
1788443967.61,804.10,0.01,0.00,
1788443967.71,804.20,0.00,0.00,
1788443967.81,804.30,0.00,0.00,
1788443967.91,804.40,0.00,0.00,
1788443968.01,804.50,-0.00,0.00,
1788443968.11,804.60,0.00,0.00,
1788443968.22,804.70,0.01,0.00,
1788443968.32,804.80,0.00,0.00,
1788443968.42,804.90,0.00,0.00,
1788443968.52,805.00,-0.00,0.00,
1788443968.62,805.10,0.01,0.00,
1788443968.72,805.20,-0.00,0.00,
1788443968.82,805.30,-0.00,0.00,
1788443968.92,805.40,-0.00,0.00,
1788443969.02,805.50,0.01,0.00,
1788443969.12,805.60,0.01,0.00,
1788443969.23,805.70,0.00,0.00,
1788443969.32,805.80,-0.00,0.00,
1788443969.43,805.90,0.00,0.00,
1788443969.53,806.00,0.00,0.00,
1788443969.63,806.10,0.01,0.00,
1788443969.73,806.20,0.00,0.00,
1788443969.83,806.30,-0.00,0.00,
1788443969.93,806.40,-0.00,0.00,
1788443970.04,806.50,-0.00,0.00,
1788443970.14,806.60,0.01,0.00,
1788443970.24,806.70,-0.00,0.00,
1788443970.34,806.80,0.00,0.00,
1788443970.44,806.90,0.00,0.00,
1788443970.54,807.00,0.01,0.00,
1788443970.64,807.10,-0.00,0.00,
1788443970.74,807.20,0.01,0.00,
1788443970.84,807.30,-0.00,0.00,
1788443970.95,807.40,0.01,0.00,
1788443971.04,807.50,0.01,0.00,
1788443971.15,807.60,-0.00,0.00,
1788443971.25,807.70,0.01,0.00,
1788443971.35,807.80,0.00,0.00,
1788443971.45,807.90,-0.00,0.00,
1788443971.55,808.00,0.00,0.00,
1788443971.65,808.10,0.00,0.00,
1788443971.75,808.20,0.00,0.00,
1788443971.85,808.30,0.00,0.00,
1788443971.95,808.40,-0.00,0.00,
1788443972.05,808.50,-0.00,0.00,
1788443972.16,808.60,0.00,0.00,
1788443972.25,808.70,0.00,0.00,
1788443972.36,808.80,0.01,0.00,
1788443972.46,808.90,0.01,0.00,
1788443972.56,809.00,0.00,0.00,
1788443972.66,809.10,0.00,0.00,
1788443972.77,809.20,0.01,0.00,
1788443972.87,809.30,0.00,0.00,
1788443972.97,809.40,-0.00,0.00,
1788443973.07,809.50,0.00,0.00,
1788443973.17,809.60,0.00,0.00,
1788443973.27,809.70,0.00,0.00,
1788443973.37,809.80,0.00,0.00,
1788443973.48,809.90,0.01,0.00,
1788443973.58,810.00,0.01,0.00,
1788443973.68,810.10,-0.00,0.00,
1788443973.78,810.20,0.01,0.00,
1788443973.88,810.30,0.01,0.00,
1788443973.98,810.40,0.01,0.00,
1788443974.08,810.50,0.00,0.00,
1788443974.18,810.60,-0.00,0.00,
1788443974.28,810.70,-0.00,0.00,
1788443974.38,810.80,-0.00,0.00,
1788443974.48,810.90,-0.01,0.00,
1788443974.59,811.00,0.01,0.00,
1788443974.68,811.10,0.01,0.00,
1788443974.78,811.20,-0.00,0.00,
1788443974.89,811.30,-0.00,0.00,
1788443974.99,811.40,0.00,0.00,
1788443975.09,811.50,0.01,0.00,
1788443975.19,811.60,0.01,0.00,
1788443975.29,811.70,0.01,0.00,
1788443975.39,811.80,0.00,0.00,
1788443975.49,811.90,0.00,0.00,
1788443975.59,812.00,0.00,0.00,
1788443975.70,812.10,0.01,0.00,
1788443975.79,812.20,0.01,0.00,
1788443975.89,812.30,0.00,0.00,
1788443976.00,812.40,0.00,0.00,
1788443976.10,812.50,-0.00,0.00,
1788443976.20,812.60,0.00,0.00,
1788443976.30,812.70,-0.00,0.00,
1788443976.40,812.80,-0.00,0.00,
1788443976.50,812.90,-0.00,0.00,
1788443976.60,813.00,0.01,0.00,
1788443976.71,813.10,-0.00,0.00,
1788443976.81,813.20,-0.00,0.00,
1788443976.91,813.30,0.01,0.00,
1788443977.01,813.40,0.01,0.00,
1788443977.11,813.50,0.00,0.00,
1788443977.21,813.60,0.01,0.00,
1788443977.31,813.70,0.00,0.00,
1788443977.41,813.80,0.00,0.00,
1788443977.52,813.90,0.01,0.00,
1788443977.62,814.00,-0.00,0.00,
1788443977.72,814.10,0.00,0.00,
1788443977.82,814.20,0.01,0.00,
1788443977.92,814.30,0.01,0.00,
1788443978.02,814.40,0.00,0.00,
1788443978.12,814.50,0.00,0.00,
1788443978.22,814.60,0.00,0.00,
1788443978.32,814.70,-0.00,0.00,
1788443978.42,814.80,0.01,0.00,
1788443978.52,814.90,0.00,0.00,
1788443978.62,815.00,0.00,0.00,
1788443978.73,815.10,0.01,0.00,
1788443978.83,815.20,0.00,0.00,
1788443978.93,815.30,-0.00,0.00,
1788443979.03,815.40,0.00,0.00,
1788443979.13,815.50,0.00,0.00,
1788443979.23,815.60,-0.01,0.00,
1788443979.33,815.70,0.00,0.00,
1788443979.43,815.80,0.01,0.00,
1788443979.54,815.90,0.00,0.00,
1788443979.64,816.00,0.01,0.00,
1788443979.74,816.10,-0.00,0.00,
1788443979.84,816.20,-0.00,0.00,
1788443979.94,816.30,-0.00,0.00,
1788443980.04,816.40,0.01,0.00,
1788443980.14,816.50,-0.00,0.00,
1788443980.24,816.60,-0.00,0.00,
1788443980.34,816.70,0.01,0.00,
1788443980.45,816.80,0.01,0.00,
1788443980.55,816.90,-0.01,0.00,
1788443980.65,817.00,0.00,0.00,
1788443980.75,817.10,0.01,0.00,
1788443980.85,817.20,0.00,0.00,
1788443980.95,817.30,0.01,0.00,
1788443981.05,817.40,0.01,0.00,
1788443981.15,817.50,-0.00,0.00,
1788443981.25,817.60,-0.00,0.00,
1788443981.36,817.70,-0.00,0.00,
1788443981.45,817.80,0.01,0.00,
1788443981.56,817.90,0.01,0.00,
1788443981.66,818.00,0.00,0.00,
1788443981.76,818.10,-0.00,0.00,
1788443981.86,818.20,0.01,0.00,
1788443981.96,818.30,0.01,0.00,
1788443982.06,818.40,-0.00,0.00,
1788443982.16,818.50,0.00,0.00,
1788443982.26,818.60,0.01,0.00,
1788443982.36,818.70,-0.00,0.00,
1788443982.46,818.80,-0.00,0.00,
1788443982.56,818.90,0.01,0.00,
1788443982.66,819.00,-0.00,0.00,
1788443982.76,819.10,-0.00,0.00,
1788443982.86,819.20,0.01,0.00,
1788443982.96,819.30,0.00,0.00,
1788443983.07,819.40,0.00,0.00,
1788443983.17,819.50,0.00,0.00,
1788443983.27,819.60,0.00,0.00,
1788443983.37,819.70,0.01,0.00,
1788443983.46,819.80,0.01,0.00,
1788443983.57,819.90,0.00,0.00,
1788443983.67,820.00,0.00,0.00,
1788443983.77,820.10,0.01,0.00,
1788443983.87,820.20,-0.00,0.00,
1788443983.97,820.30,0.01,0.00,
1788443984.07,820.40,0.01,0.00,
1788443984.17,820.50,0.00,0.00,
1788443984.27,820.60,-0.00,0.00,
1788443984.38,820.70,0.01,0.00,
1788443984.48,820.80,0.00,0.00,
1788443984.58,820.90,0.00,0.00,
1788443984.68,821.00,-0.00,0.00,
1788443984.78,821.10,0.00,0.00,
1788443984.88,821.20,-0.00,0.00,
1788443984.98,821.30,0.00,0.00,
1788443985.08,821.40,0.00,0.00,
1788443985.19,821.50,-0.00,0.00,
1788443985.29,821.60,0.01,0.00,
1788443985.39,821.70,0.00,0.00,
1788443985.49,821.80,0.00,0.00,
1788443985.59,821.90,0.00,0.00,
1788443985.70,822.00,0.00,0.00,
1788443985.80,822.10,0.00,0.00,
1788443985.90,822.20,-0.00,0.00,
1788443986.00,822.30,0.00,0.00,
1788443986.10,822.40,0.01,0.00,
1788443986.20,822.50,-0.00,0.00,
1788443986.30,822.60,0.01,0.00,
1788443986.41,822.70,0.01,0.00,
1788443986.51,822.80,0.00,0.00,
1788443986.61,822.90,-0.00,0.00,
1788443986.71,823.00,0.00,0.00,
1788443986.81,823.10,-0.00,0.00,
1788443986.91,823.20,-0.00,0.00,
1788443987.01,823.30,-0.00,0.00,
1788443987.11,823.40,0.00,0.00,
1788443987.21,823.50,0.01,0.00,
1788443987.31,823.60,0.00,0.00,
1788443987.41,823.70,-0.00,0.00,
1788443987.52,823.80,0.00,0.00,
1788443987.62,823.90,0.00,0.00,
1788443987.72,824.00,0.01,0.00,
1788443987.82,824.10,0.00,0.00,
1788443987.92,824.20,0.00,0.00,
1788443988.02,824.30,-0.00,0.00,
1788443988.12,824.40,0.00,0.00,
1788443988.22,824.50,0.00,0.00,
1788443988.32,824.60,-0.00,0.00,
1788443988.43,824.70,-0.00,0.00,
1788443988.53,824.80,0.01,0.00,
1788443988.62,824.90,0.01,0.00,
1788443988.73,825.00,0.00,0.00,
1788443988.83,825.10,0.01,0.00,
1788443988.93,825.20,0.01,0.00,
1788443989.03,825.30,0.01,0.00,
1788443989.13,825.40,-0.00,0.00,
1788443989.23,825.50,0.01,0.00,
1788443989.33,825.60,0.00,0.00,
1788443989.43,825.70,-0.00,0.00,
1788443989.53,825.80,0.00,0.00,
1788443989.63,825.90,0.01,0.00,
1788443989.73,826.00,0.00,0.00,
1788443989.83,826.10,-0.00,0.00,
1788443989.93,826.20,0.00,0.00,
1788443990.03,826.30,0.01,0.00,
1788443990.13,826.40,0.00,0.00,
1788443990.24,826.50,-0.01,0.00,
1788443990.34,826.60,-0.00,0.00,
1788443990.44,826.70,-0.00,0.00,
1788443990.54,826.80,0.01,0.00,
1788443990.64,826.90,-0.00,0.00,
1788443990.74,827.00,-0.00,0.00,
1788443990.84,827.10,-0.00,0.00,
1788443990.94,827.20,0.01,0.00,
1788443991.04,827.30,-0.00,0.00,
1788443991.14,827.40,0.00,0.00,
1788443991.25,827.50,0.00,0.00,
1788443991.35,827.60,-0.00,0.00,
1788443991.45,827.70,0.00,0.00,
1788443991.55,827.80,-0.00,0.00,
1788443991.65,827.90,0.00,0.00,
1788443991.75,828.00,0.00,0.00,
1788443991.86,828.10,0.01,0.00,
1788443991.96,828.20,0.01,0.00,
1788443992.06,828.30,-0.00,0.00,
1788443992.16,828.40,-0.00,0.00,
1788443992.26,828.50,-0.00,0.00,
1788443992.36,828.60,0.00,0.00,
1788443992.46,828.70,-0.00,0.00,
1788443992.56,828.80,0.01,0.00,
1788443992.67,828.90,0.00,0.00,
1788443992.77,829.00,0.00,0.00,
1788443992.87,829.10,-0.00,0.00,
1788443992.97,829.20,0.00,0.00,
1788443993.07,829.30,0.01,0.00,
1788443993.17,829.40,0.01,0.00,
1788443993.27,829.50,0.01,0.00,
1788443993.37,829.60,0.01,0.00,
1788443993.47,829.70,0.00,0.00,
1788443993.57,829.80,0.01,0.00,
1788443993.68,829.90,0.01,0.00,
1788443993.78,830.00,-0.00,0.00,
1788443993.88,830.10,-0.00,0.00,
1788443993.98,830.20,-0.00,0.00,
1788443994.08,830.30,0.01,0.00,
1788443994.18,830.40,0.01,0.00,
1788443994.28,830.50,0.01,0.00,
1788443994.38,830.60,0.01,0.00,
1788443994.48,830.70,0.00,0.00,
1788443994.58,830.80,0.00,0.00,
1788443994.68,830.90,0.01,0.00,
1788443994.78,831.00,0.00,0.00,
1788443994.88,831.10,0.01,0.00,
1788443994.98,831.20,-0.00,0.00,
1788443995.08,831.30,-0.00,0.00,
1788443995.18,831.40,0.01,0.00,
1788443995.28,831.50,0.00,0.00,
1788443995.38,831.60,-0.00,0.00,
1788443995.48,831.70,-0.00,0.00,
1788443995.59,831.80,0.01,0.00,
1788443995.69,831.90,-0.01,0.00,
1788443995.79,832.00,0.01,0.00,
1788443995.89,832.10,-0.00,0.00,
1788443995.99,832.20,-0.00,0.00,
1788443996.09,832.30,0.00,0.00,
1788443996.19,832.40,0.00,0.00,
1788443996.29,832.50,0.01,0.00,
1788443996.39,832.60,0.00,0.00,
1788443996.49,832.70,0.01,0.00,
1788443996.60,832.80,0.01,0.00,
1788443996.70,832.90,0.00,0.00,
1788443996.80,833.00,0.01,0.00,
1788443996.90,833.10,-0.00,0.00,
1788443997.00,833.20,-0.00,0.00,
1788443997.10,833.30,0.00,0.00,
1788443997.20,833.40,0.00,0.00,
1788443997.30,833.50,0.00,0.00,
1788443997.40,833.60,-0.00,0.00,
1788443997.50,833.70,0.01,0.00,
1788443997.61,833.80,-0.00,0.00,
1788443997.71,833.90,-0.01,0.00,
1788443997.81,834.00,-0.00,0.00,
1788443997.91,834.10,0.01,0.00,
1788443998.01,834.20,0.00,0.00,
1788443998.11,834.30,0.00,0.00,
1788443998.21,834.40,0.00,0.00,
1788443998.32,834.50,0.00,0.00,
1788443998.42,834.60,-0.00,0.00,
1788443998.51,834.70,0.00,0.00,
1788443998.62,834.80,-0.00,0.00,
1788443998.72,834.90,0.01,0.00,
1788443998.81,835.00,0.01,0.00,
1788443998.92,835.10,0.00,0.00,
1788443999.02,835.20,0.01,0.00,
1788443999.12,835.30,0.01,0.00,
1788443999.22,835.40,0.00,0.00,
1788443999.32,835.50,0.01,0.00,
1788443999.42,835.60,0.00,0.00,
1788443999.52,835.70,0.01,0.00,
1788443999.62,835.80,0.01,0.00,
1788443999.73,835.90,0.00,0.00,
1788443999.82,836.00,0.01,0.00,
1788443999.92,836.10,0.00,0.00,
1788444000.02,836.20,0.01,0.00,
1788444000.13,836.30,-0.00,0.00,
1788444000.23,836.40,0.00,0.00,
1788444000.33,836.50,0.01,0.00,
1788444000.43,836.60,0.01,0.00,
1788444000.53,836.70,0.01,0.00,
1788444000.63,836.80,0.00,0.00,
1788444000.73,836.90,0.00,0.00,
1788444000.83,837.00,0.01,0.00,
1788444000.93,837.10,0.01,0.00,
1788444001.04,837.20,-0.00,0.00,
1788444001.14,837.30,0.00,0.00,
1788444001.24,837.40,-0.00,0.00,
1788444001.34,837.50,-0.00,0.00,
1788444001.44,837.60,-0.00,0.00,
1788444001.54,837.70,0.01,0.00,
1788444001.64,837.80,-0.00,0.00,
1788444001.74,837.90,-0.00,0.00,
1788444001.84,838.00,0.00,0.00,
1788444001.95,838.10,0.00,0.00,
1788444002.05,838.20,-0.00,0.00,
1788444002.15,838.30,0.01,0.00,
1788444002.25,838.40,-0.00,0.00,
1788444002.35,838.50,0.01,0.00,
1788444002.45,838.60,0.00,0.00,
1788444002.55,838.70,-0.00,0.00,
1788444002.65,838.80,-0.00,0.00,
1788444002.75,838.90,0.01,0.00,
1788444002.85,839.00,-0.00,0.00,
1788444002.96,839.10,0.00,0.00,
1788444003.06,839.20,0.00,0.00,
1788444003.16,839.30,0.01,0.00,
1788444003.26,839.40,-0.00,0.00,
1788444003.36,839.50,-0.00,0.00,
1788444003.46,839.60,-0.00,0.00,
1788444003.56,839.70,0.00,0.00,
1788444003.66,839.80,0.00,0.00,
1788444003.76,839.90,0.01,0.00,
1788444003.86,840.00,0.01,0.00,
1788444003.96,840.10,0.00,0.00,
1788444004.06,840.20,-0.00,0.00,
1788444004.17,840.30,-0.00,0.00,
1788444004.26,840.40,0.00,0.00,
1788444004.37,840.50,0.00,0.00,
1788444004.47,840.60,0.01,0.00,
1788444004.57,840.70,0.01,0.00,
1788444004.67,840.80,0.00,0.00,
1788444004.77,840.90,0.00,0.00,
1788444004.87,841.00,0.00,0.00,
1788444004.97,841.10,0.00,0.00,
1788444005.07,841.20,0.00,0.00,
1788444005.17,841.30,0.01,0.00,
1788444005.27,841.40,0.01,0.00,
1788444005.37,841.50,0.01,0.00,
1788444005.47,841.60,-0.00,0.00,
1788444005.57,841.70,-0.00,0.00,
1788444005.67,841.80,-0.00,0.00,
1788444005.77,841.90,-0.00,0.00,
1788444005.87,842.00,-0.00,0.00,
1788444005.97,842.10,0.01,0.00,
1788444006.07,842.20,0.01,0.00,
1788444006.17,842.30,-0.00,0.00,
1788444006.27,842.40,0.00,0.00,
1788444006.38,842.50,0.00,0.00,
1788444006.48,842.60,0.00,0.00,
1788444006.57,842.70,0.01,0.00,
1788444006.68,842.80,0.01,0.00,
1788444006.78,842.90,-0.00,0.00,
1788444006.88,843.00,0.00,0.00,
1788444006.98,843.10,0.00,0.00,
1788444007.08,843.20,-0.00,0.00,
1788444007.18,843.30,0.00,0.00,
1788444007.28,843.40,0.00,0.00,
1788444007.38,843.50,-0.00,0.00,
1788444007.48,843.60,-0.00,0.00,
1788444007.59,843.70,0.00,0.00,
1788444007.69,843.80,-0.00,0.00,
1788444007.79,843.90,-0.00,0.00,
1788444007.89,844.00,-0.00,0.00,
1788444007.99,844.10,0.01,0.00,
1788444008.09,844.20,0.01,0.00,
1788444008.19,844.30,0.00,0.00,
1788444008.29,844.40,0.00,0.00,
1788444008.39,844.50,0.01,0.00,
1788444008.49,844.60,0.00,0.00,
1788444008.59,844.70,0.01,0.00,
1788444008.69,844.80,0.00,0.00,
1788444008.79,844.90,0.01,0.00,
1788444008.89,845.00,0.00,0.00,
1788444008.99,845.10,0.00,0.00,
1788444009.10,845.20,-0.00,0.00,
1788444009.20,845.30,0.01,0.00,
1788444009.30,845.40,0.01,0.00,
1788444009.40,845.50,0.00,0.00,
1788444009.50,845.60,0.01,0.00,
1788444009.60,845.70,0.00,0.00,
1788444009.70,845.80,0.00,0.00,
1788444009.80,845.90,0.01,0.00,
1788444009.90,846.00,-0.00,0.00,
1788444010.00,846.10,-0.00,0.00,
1788444010.10,846.20,0.00,0.00,
1788444010.20,846.30,0.00,0.00,
1788444010.30,846.40,0.00,0.00,
1788444010.40,846.50,0.01,0.00,
1788444010.50,846.60,0.01,0.00,
1788444010.60,846.70,-0.00,0.00,
1788444010.70,846.80,-0.00,0.00,
1788444010.80,846.90,0.01,0.00,
1788444010.90,847.00,0.01,0.00,
1788444011.00,847.10,0.01,0.00,
1788444011.10,847.20,0.00,0.00,
1788444011.20,847.30,-0.00,0.00,
1788444011.30,847.40,0.00,0.00,
1788444011.40,847.50,0.00,0.00,
1788444011.50,847.60,-0.01,0.00,
1788444011.60,847.70,0.01,0.00,
1788444011.70,847.80,0.01,0.00,
1788444011.80,847.90,-0.00,0.00,
1788444011.90,848.00,-0.00,0.00,
1788444012.00,848.10,0.00,0.00,
1788444012.10,848.20,0.01,0.00,
1788444012.20,848.30,0.00,0.00,
1788444012.30,848.40,0.00,0.00,
1788444012.40,848.50,-0.00,0.00,
1788444012.50,848.60,0.00,0.00,
1788444012.60,848.70,0.00,0.00,
1788444012.70,848.80,0.01,0.00,
1788444012.80,848.90,0.01,0.00,
1788444012.90,849.00,0.01,0.00,
1788444013.00,849.10,-0.00,0.00,
1788444013.10,849.20,-0.01,0.00,
1788444013.20,849.30,0.00,0.00,
1788444013.30,849.40,-0.00,0.00,
1788444013.40,849.50,0.00,0.00,
1788444013.50,849.60,-0.00,0.00,
1788444013.60,849.70,0.01,0.00,
1788444013.71,849.80,-0.00,0.00,
1788444013.81,849.90,-0.00,0.00,
1788444013.90,850.00,0.00,0.00,
1788444014.01,850.10,0.01,0.00,
1788444014.11,850.20,0.00,0.00,
1788444014.21,850.30,0.01,0.00,
1788444014.31,850.40,0.00,0.00,
1788444014.41,850.50,0.01,0.00,
1788444014.51,850.60,0.01,0.00,
1788444014.61,850.70,-0.00,0.00,
1788444014.71,850.80,-0.00,0.00,
1788444014.81,850.90,0.00,0.00,
1788444014.91,851.00,0.00,0.00,
1788444015.01,851.10,0.00,0.00,
1788444015.11,851.20,0.01,0.00,
1788444015.21,851.30,0.00,0.00,
1788444015.31,851.40,0.01,0.00,
1788444015.41,851.50,0.00,0.00,
1788444015.52,851.60,0.00,0.00,
1788444015.62,851.70,0.01,0.00,
1788444015.72,851.80,0.01,0.00,
1788444015.82,851.90,-0.00,0.00,
1788444015.92,852.00,0.00,0.00,
1788444016.02,852.10,-0.00,0.00,
1788444016.12,852.20,0.00,0.00,
1788444016.22,852.30,-0.01,0.00,
1788444016.32,852.40,0.00,0.00,
1788444016.43,852.50,-0.00,0.00,
1788444016.52,852.60,-0.00,0.00,
1788444016.63,852.70,0.00,0.00,
1788444016.73,852.80,0.00,0.00,
1788444016.83,852.90,0.00,0.00,
1788444016.93,853.00,-0.00,0.00,
1788444017.03,853.10,-0.00,0.00,
1788444017.13,853.20,0.00,0.00,
1788444017.23,853.30,-0.01,0.00,
1788444017.33,853.40,0.00,0.00,
1788444017.44,853.50,0.01,0.00,
1788444017.53,853.60,-0.00,0.00,
1788444017.64,853.70,0.01,0.00,
1788444017.74,853.80,0.01,0.00,
1788444017.85,853.90,0.00,0.00,
1788444017.95,854.00,-0.00,0.00,
1788444018.05,854.10,0.00,0.00,
1788444018.15,854.20,-0.00,0.00,
1788444018.25,854.30,0.00,0.00,
1788444018.35,854.40,-0.00,0.00,
1788444018.46,854.50,0.00,0.00,
1788444018.56,854.60,0.01,0.00,
1788444018.66,854.70,-0.00,0.00,
1788444018.76,854.80,0.00,0.00,
1788444018.87,854.90,0.01,0.00,
1788444018.97,855.00,0.01,0.00,
1788444019.07,855.10,0.00,0.00,
1788444019.17,855.20,0.00,0.00,
1788444019.27,855.30,0.00,0.00,
1788444019.37,855.40,-0.00,0.00,
1788444019.47,855.50,0.00,0.00,
1788444019.57,855.60,-0.00,0.00,
1788444019.67,855.70,0.00,0.00,
1788444019.77,855.80,-0.00,0.00,
1788444019.88,855.90,0.01,0.00,
1788444019.98,856.00,0.01,0.00,
1788444020.08,856.10,0.00,0.00,
1788444020.18,856.20,0.01,0.00,
1788444020.28,856.30,0.01,0.00,
1788444020.38,856.40,0.01,0.00,
1788444020.48,856.50,-0.00,0.00,
1788444020.59,856.60,0.00,0.00,
1788444020.69,856.70,0.00,0.00,
1788444020.79,856.80,-0.00,0.00,
1788444020.89,856.90,0.00,0.00,
1788444020.99,857.00,0.01,0.00,
1788444021.09,857.10,-0.00,0.00,
1788444021.19,857.20,-0.00,0.00,
1788444021.30,857.30,0.00,0.00,
1788444021.40,857.40,0.01,0.00,
1788444021.50,857.50,0.00,0.00,
1788444021.60,857.60,-0.00,0.00,
1788444021.70,857.70,-0.00,0.00,
1788444021.81,857.80,-0.00,0.00,
1788444021.90,857.90,-0.00,0.00,
1788444022.00,858.00,-0.00,0.00,
1788444022.10,858.10,0.00,0.00,
1788444022.21,858.20,-0.00,0.00,
1788444022.31,858.30,0.01,0.00,
1788444022.41,858.40,-0.00,0.00,
1788444022.51,858.50,0.00,0.00,
1788444022.61,858.60,0.00,0.00,
1788444022.71,858.70,0.00,0.00,
1788444022.81,858.80,-0.00,0.00,
1788444022.92,858.90,-0.00,0.00,
1788444023.02,859.00,0.00,0.00,
1788444023.12,859.10,0.00,0.00,
1788444023.22,859.20,0.01,0.00,
1788444023.32,859.30,-0.00,0.00,
1788444023.42,859.40,-0.00,0.00,
1788444023.52,859.50,-0.00,0.00,
1788444023.63,859.60,-0.00,0.00,
1788444023.73,859.70,0.00,0.00,
1788444023.82,859.80,-0.00,0.00,
1788444023.93,859.90,0.00,0.00,
1788444024.03,860.00,-0.00,0.00,
1788444024.13,860.10,0.00,0.00,
1788444024.24,860.20,-0.00,0.00,
1788444024.34,860.30,-0.00,0.00,
1788444024.44,860.40,0.01,0.00,
1788444024.54,860.50,0.01,0.00,
1788444024.64,860.60,0.01,0.00,
1788444024.74,860.70,0.01,0.00,
1788444024.84,860.80,0.00,0.00,
1788444024.94,860.90,0.01,0.00,
1788444025.04,861.00,0.01,0.00,
1788444025.14,861.10,-0.00,0.00,
1788444025.25,861.20,-0.00,0.00,
1788444025.35,861.30,-0.00,0.00,
1788444025.45,861.40,0.01,0.00,
1788444025.55,861.50,0.00,0.00,
1788444025.65,861.60,0.00,0.00,
1788444025.75,861.70,0.00,0.00,
1788444025.85,861.80,-0.00,0.00,
1788444025.95,861.90,0.00,0.00,
1788444026.05,862.00,0.01,0.00,
1788444026.16,862.10,0.00,0.00,
1788444026.25,862.20,0.01,0.00,
1788444026.36,862.30,0.00,0.00,
1788444026.46,862.40,0.00,0.00,
1788444026.56,862.50,0.01,0.00,
1788444026.66,862.60,0.00,0.00,
1788444026.76,862.70,-0.00,0.00,
1788444026.86,862.80,-0.00,0.00,
1788444026.97,862.90,0.01,0.00,
1788444027.07,863.00,-0.00,0.00,
1788444027.17,863.10,0.01,0.00,
1788444027.27,863.20,-0.01,0.00,
1788444027.37,863.30,0.00,0.00,
1788444027.47,863.40,-0.00,0.00,
1788444027.58,863.50,0.00,0.00,
1788444027.68,863.60,-0.00,0.00,
1788444027.78,863.70,0.00,0.00,
1788444027.88,863.80,0.01,0.00,
1788444027.98,863.90,0.01,0.00,
1788444028.08,864.00,0.00,0.00,
1788444028.18,864.10,0.01,0.00,
1788444028.28,864.20,0.00,0.00,
1788444028.38,864.30,-0.00,0.00,
1788444028.48,864.40,0.00,0.00,
1788444028.58,864.50,0.00,0.00,
1788444028.69,864.60,0.00,0.00,
1788444028.78,864.70,0.00,0.00,
1788444028.88,864.80,0.01,0.00,
1788444028.99,864.90,0.00,0.00,
1788444029.09,865.00,-0.01,0.00,
1788444029.19,865.10,-0.00,0.00,
1788444029.29,865.20,-0.00,0.00,
1788444029.39,865.30,0.01,0.00,
1788444029.49,865.40,0.01,0.00,
1788444029.59,865.50,0.00,0.00,
1788444029.69,865.60,0.00,0.00,
1788444029.79,865.70,-0.00,0.00,
1788444029.89,865.80,-0.00,0.00,
1788444030.00,865.90,0.00,0.00,
1788444030.10,866.00,0.01,0.00,
1788444030.20,866.10,0.01,0.00,
1788444030.30,866.20,0.00,0.00,
1788444030.40,866.30,0.01,0.00,
1788444030.50,866.40,0.01,0.00,
1788444030.60,866.50,0.00,0.00,
1788444030.70,866.60,0.00,0.00,
1788444030.80,866.70,0.00,0.00,
1788444030.90,866.80,0.00,0.00,
1788444031.01,866.90,0.01,0.00,
1788444031.10,867.00,0.00,0.00,
1788444031.20,867.10,0.01,0.00,
1788444031.31,867.20,-0.00,0.00,
1788444031.41,867.30,-0.00,0.00,
1788444031.51,867.40,-0.01,0.00,
1788444031.61,867.50,0.00,0.00,
1788444031.71,867.60,-0.00,0.00,
1788444031.81,867.70,0.01,0.00,
1788444031.91,867.80,0.01,0.00,
1788444032.02,867.90,0.00,0.00,
1788444032.11,868.00,-0.00,0.00,
1788444032.21,868.10,0.01,0.00,
1788444032.31,868.20,0.01,0.00,
1788444032.41,868.30,-0.00,0.00,
1788444032.51,868.40,0.00,0.00,
1788444032.64,868.50,0.00,0.00,
1788444032.73,868.60,-0.00,0.00,
1788444032.83,868.70,0.01,0.00,
1788444032.93,868.80,-0.00,0.00,
1788444033.04,868.90,0.01,0.00,
1788444033.14,869.00,0.00,0.00,
1788444033.24,869.10,0.00,0.00,
1788444033.34,869.20,0.01,0.00,
1788444033.44,869.30,-0.00,0.00,
1788444033.54,869.40,0.01,0.00,
1788444033.64,869.50,0.01,0.00,
1788444033.74,869.60,0.01,0.00,
1788444033.84,869.70,0.01,0.00,
1788444033.95,869.80,0.00,0.00,
1788444034.05,869.90,-0.00,0.00,
1788444034.15,870.00,0.01,0.00,
1788444034.25,870.10,-0.00,0.00,
1788444034.35,870.20,0.00,0.00,
1788444034.45,870.30,-0.00,0.00,
1788444034.55,870.40,0.00,0.00,
1788444034.66,870.50,0.00,0.00,
1788444034.75,870.60,-0.00,0.00,
1788444034.86,870.70,0.00,0.00,
1788444034.96,870.80,0.01,0.00,
1788444035.06,870.90,0.00,0.00,
1788444035.16,871.00,0.01,0.00,
1788444035.26,871.10,0.00,0.00,
1788444035.36,871.20,0.00,0.00,
1788444035.46,871.30,-0.00,0.00,
1788444035.56,871.40,0.01,0.00,
1788444035.67,871.50,0.00,0.00,
1788444035.77,871.60,0.00,0.00,
1788444035.87,871.70,0.00,0.00,
1788444035.97,871.80,0.01,0.00,
1788444036.07,871.90,0.01,0.00,
1788444036.18,872.00,0.01,0.00,
1788444036.28,872.10,0.00,0.00,
1788444036.38,872.20,0.00,0.00,
1788444036.48,872.30,0.00,0.00,
1788444036.58,872.40,0.01,0.00,
1788444036.69,872.50,0.01,0.00,
1788444036.78,872.60,0.00,0.00,
1788444036.89,872.70,-0.00,0.00,
1788444036.99,872.80,-0.00,0.00,
1788444037.09,872.90,0.00,0.00,
1788444037.19,873.00,-0.00,0.00,
1788444037.29,873.10,-0.00,0.00,
1788444037.39,873.20,0.01,0.00,
1788444037.49,873.30,0.01,0.00,
1788444037.59,873.40,-0.00,0.00,
1788444037.69,873.50,-0.00,0.00,
1788444037.80,873.60,0.00,0.00,
1788444037.90,873.70,0.00,0.00,
1788444038.00,873.80,0.00,0.00,
1788444038.10,873.90,0.00,0.00,
1788444038.20,874.00,0.00,0.00,
1788444038.30,874.10,0.00,0.00,
1788444038.41,874.20,0.00,0.00,
1788444038.51,874.30,-0.00,0.00,
1788444038.61,874.40,0.01,0.00,
1788444038.71,874.50,0.01,0.00,
1788444038.81,874.60,0.00,0.00,
1788444038.91,874.70,-0.00,0.00,
1788444039.01,874.80,0.00,0.00,
1788444039.11,874.90,0.01,0.00,
1788444039.21,875.00,-0.00,0.00,
1788444039.32,875.10,-0.00,0.00,
1788444039.42,875.20,0.01,0.00,
1788444039.52,875.30,0.01,0.00,
1788444039.62,875.40,0.00,0.00,
1788444039.72,875.50,0.00,0.00,
1788444039.83,875.60,0.01,0.00,
1788444039.93,875.70,0.00,0.00,
1788444040.03,875.80,0.01,0.00,
1788444040.13,875.90,0.00,0.00,
1788444040.23,876.00,0.01,0.00,
1788444040.33,876.10,-0.00,0.00,
1788444040.43,876.20,0.00,0.00,
1788444040.54,876.30,-0.00,0.00,
1788444040.64,876.40,0.01,0.00,
1788444040.74,876.50,0.01,0.00,
1788444040.84,876.60,0.00,0.00,
1788444040.94,876.70,0.00,0.00,
1788444041.04,876.80,-0.00,0.00,
1788444041.15,876.90,0.01,0.00,
1788444041.25,877.00,0.01,0.00,
1788444041.35,877.10,0.00,0.00,
1788444041.45,877.20,0.00,0.00,
1788444041.55,877.30,0.01,0.00,
1788444041.65,877.40,0.00,0.00,
1788444041.75,877.50,-0.00,0.00,
1788444041.85,877.60,0.00,0.00,
1788444041.96,877.70,0.01,0.00,
1788444042.06,877.80,-0.00,0.00,
1788444042.16,877.90,-0.00,0.00,
1788444042.26,878.00,0.01,0.00,
1788444042.36,878.10,-0.00,0.00,
1788444042.46,878.20,0.00,0.00,
1788444042.56,878.30,0.00,0.00,
1788444042.66,878.39,-0.00,0.00,
1788444042.77,878.50,-0.00,0.00,
1788444042.86,878.60,0.01,0.00,
1788444042.97,878.70,-0.00,0.00,
1788444043.07,878.80,0.02,0.00,
1788444043.17,878.90,-0.00,0.00,
1788444043.27,879.00,-0.01,0.01,
1788444043.37,879.10,-0.01,0.01,
1788444043.48,879.20,-0.01,0.01,
1788444043.58,879.30,0.01,0.01,
1788444043.68,879.40,0.01,0.02,
1788444043.78,879.50,0.01,0.02,
1788444043.89,879.60,-0.01,0.02,
1788444043.98,879.70,0.00,0.01,
1788444044.09,879.80,-0.01,0.01,
1788444044.19,879.90,-0.01,0.00,
1788444044.29,880.00,-0.00,0.00,
1788444044.39,880.10,0.00,0.00,
1788444044.49,880.20,0.00,0.00,
1788444044.60,880.30,0.00,0.00,
1788444044.70,880.40,0.00,0.01,
1788444044.80,880.50,-0.00,0.01,
1788444044.90,880.60,-0.00,0.00,
1788444045.01,880.70,-0.00,0.00,
1788444045.10,880.80,0.00,-0.00,
1788444045.21,880.90,-0.01,-0.00,
1788444045.31,881.00,-0.00,-0.00,
1788444045.41,881.10,-0.01,-0.00,
1788444045.51,881.20,-0.01,-0.00,
1788444045.62,881.30,-0.00,-0.00,
1788444045.71,881.40,-0.00,0.00,
1788444045.82,881.50,-0.00,0.00,
1788444045.92,881.60,-0.00,0.01,
1788444046.02,881.70,-0.00,0.01,
1788444046.12,881.80,-0.00,0.02,
1788444046.22,881.90,-0.00,0.01,
1788444046.32,882.00,0.01,0.00,
1788444046.42,882.10,-0.01,-0.00,
1788444046.52,882.20,-0.00,0.00,
1788444046.62,882.30,1.20,-0.00,
1788444046.72,882.40,-0.00,0.00,
1788444046.82,882.50,-0.01,0.00,
1788444046.93,882.60,-0.00,0.01,
1788444047.03,882.70,-0.00,0.01,
1788444047.13,882.80,0.00,0.01,
1788444047.23,882.90,-0.00,0.01,
1788444047.33,883.00,-0.00,0.01,
1788444047.43,883.10,-0.00,0.01,
1788444047.53,883.20,-0.00,0.02,
1788444047.63,883.30,-0.00,0.02,
1788444047.73,883.40,-0.00,0.02,
1788444047.83,883.50,-0.00,0.02,
1788444047.93,883.60,0.00,0.02,
1788444048.04,883.70,0.00,0.01,
1788444048.14,883.80,-0.00,0.02,
1788444048.24,883.90,0.00,0.03,
1788444048.34,884.00,0.00,0.03,
1788444048.45,884.10,0.00,0.02,
1788444048.55,884.20,0.01,0.00,
1788444048.65,884.30,4.38,0.29,
1788444048.75,884.40,4.61,0.30,
1788444048.85,884.50,4.65,0.30,
1788444048.96,884.60,4.68,0.30,
1788444049.06,884.70,4.68,0.30,
1788444049.16,884.80,4.72,0.29,
1788444049.26,884.90,4.74,0.29,
1788444049.36,885.00,4.75,0.29,
1788444049.46,885.10,4.75,0.29,
1788444049.56,885.20,4.79,0.29,
1788444049.67,885.30,4.80,0.29,
1788444049.77,885.40,4.81,0.29,
1788444049.88,885.50,4.80,0.30,
1788444049.98,885.60,4.80,0.31,
1788444050.08,885.70,4.79,0.32,
1788444050.18,885.80,4.77,0.33,
1788444050.29,885.90,4.75,0.34,
1788444050.39,886.00,4.73,0.34,
1788444050.49,886.10,4.71,0.35,
1788444050.59,886.20,4.69,0.36,
1788444050.69,886.30,6.53,0.56,
1788444050.79,886.40,9.83,0.58,
1788444050.90,886.50,9.89,0.58,
1788444051.00,886.60,9.95,0.58,
1788444051.10,886.70,10.00,0.58,
1788444051.20,886.80,10.05,0.58,
1788444051.30,886.90,10.10,0.58,
1788444051.40,887.00,10.15,0.58,
1788444051.50,887.10,10.19,0.58,
1788444051.61,887.20,10.24,0.58,
1788444051.71,887.30,10.28,0.59,
1788444051.81,887.40,10.33,0.58,
1788444051.91,887.50,10.38,0.58,
1788444052.01,887.60,10.42,0.59,
1788444052.11,887.70,10.46,0.58,
1788444052.22,887.80,10.50,0.58,
1788444052.31,887.90,10.54,0.58,
1788444052.41,888.00,10.59,0.59,
1788444052.52,888.10,10.67,0.41,
1788444052.62,888.20,15.21,4.99,
1788444052.72,888.30,11.49,9.84,
1788444052.82,888.40,2.99,12.61,
1788444052.92,888.50,0.02,13.48,
1788444053.02,888.60,0.11,13.54,
1788444053.12,888.70,0.04,13.54,
1788444053.22,888.80,-0.00,13.54,
1788444053.32,888.90,-0.00,13.54,
1788444053.42,889.00,-0.00,13.53,
1788444053.53,889.10,-0.00,13.53,
1788444053.63,889.20,-0.00,13.53,
1788444053.73,889.30,-0.00,13.53,
1788444053.83,889.40,-0.00,13.53,
1788444053.93,889.50,-0.00,13.53,
1788444054.03,889.60,-0.00,13.53,
1788444054.13,889.70,0.45,12.71,
1788444054.23,889.80,3.58,11.58,
1788444054.34,889.90,2.64,11.54,
1788444054.44,890.00,2.19,11.51,
1788444054.54,890.10,2.07,11.50,
1788444054.64,890.20,2.04,11.49,
1788444054.74,890.30,1.99,11.50,
1788444054.84,890.40,1.95,11.51,
1788444054.95,890.50,1.93,11.52,
1788444055.05,890.60,1.90,11.53,
1788444055.16,890.70,1.88,11.54,
1788444055.26,890.80,1.85,11.55,
1788444055.37,890.90,1.83,11.56,
1788444055.47,891.00,1.80,11.57,
1788444055.57,891.10,1.78,11.58,
1788444055.67,891.20,1.76,11.59,
1788444055.77,891.30,1.83,11.58,
1788444055.88,891.40,1.92,11.56,
1788444055.98,891.50,1.88,11.57,
1788444056.08,891.60,2.12,11.58,
1788444056.19,891.70,3.87,11.79,
1788444056.29,891.80,4.64,12.27,
1788444056.39,891.90,4.36,12.79,
1788444056.49,892.00,3.77,13.78,
1788444056.59,892.10,3.95,14.05,
1788444056.69,892.20,3.67,14.04,
1788444056.79,892.30,10.62,14.26,
1788444056.89,892.40,9.93,14.28,
1788444057.00,892.50,9.14,14.30,
1788444057.10,892.60,8.80,14.29,
1788444057.20,892.70,8.63,14.29,
1788444057.30,892.80,8.54,14.28,
1788444057.41,892.90,8.47,14.27,
1788444057.52,893.00,8.42,14.27,
1788444057.62,893.10,8.36,14.26,
1788444057.72,893.20,8.30,14.25,
1788444057.82,893.30,8.23,14.25,
1788444057.92,893.40,8.16,14.24,
1788444058.03,893.50,8.09,14.24,
1788444058.13,893.60,8.03,14.23,
1788444058.23,893.70,7.96,14.23,
1788444058.33,893.80,7.89,14.22,
1788444058.44,893.90,7.82,14.22,
1788444058.54,894.00,8.18,14.38,
1788444058.64,894.10,8.79,15.52,
1788444058.74,894.20,8.40,16.91,
1788444058.84,894.30,7.43,18.37,
1788444058.94,894.40,5.79,20.02,
1788444059.04,894.50,3.99,21.62,
1788444059.14,894.60,2.11,23.22,
1788444059.24,894.70,0.16,24.76,
1788444059.34,894.80,0.01,26.10,
1788444059.44,894.90,0.17,26.99,
1788444059.54,895.00,-0.00,27.00,
1788444059.65,895.10,13.14,29.51,
1788444059.75,895.20,12.90,29.79,
1788444059.85,895.30,10.04,29.77,
1788444059.95,895.40,9.04,29.76,
1788444060.05,895.50,8.81,29.75,
1788444060.15,895.60,8.79,29.74,
1788444060.26,895.70,8.81,29.73,
1788444060.36,895.80,8.85,29.72,
1788444060.46,895.90,8.89,29.71,
1788444060.56,896.00,8.92,29.70,
1788444060.66,896.10,8.96,29.70,
1788444060.76,896.20,8.99,29.69,
1788444060.86,896.30,9.02,29.68,
1788444060.97,896.40,9.05,29.68,
1788444061.07,896.50,9.08,29.67,
1788444061.17,896.60,9.10,29.67,
1788444061.27,896.70,9.13,29.67,
1788444061.37,896.80,9.16,29.67,
1788444061.47,896.90,9.18,29.67,
1788444061.57,897.00,8.14,29.64,
1788444061.67,897.10,8.10,29.63,
1788444061.77,897.20,8.04,29.63,
1788444061.88,897.30,-0.00,29.63,
1788444061.97,897.40,0.00,29.63,
1788444062.07,897.50,-0.01,29.63,
1788444062.17,897.60,0.00,29.63,
1788444062.27,897.70,-0.00,29.63,
1788444062.38,897.80,-0.01,29.63,
1788444062.47,897.90,0.01,29.63,
1788444062.58,898.00,0.00,29.63,
1788444062.68,898.10,-0.01,29.63,
1788444062.78,898.20,0.00,29.63,
1788444062.88,898.30,0.00,29.63,
1788444062.98,898.40,-0.00,29.63,
1788444063.08,898.50,0.00,29.63,
1788444063.18,898.60,-0.01,29.63,
1788444063.28,898.70,0.00,29.63,
1788444063.38,898.80,0.00,29.63,
1788444063.48,898.90,-0.01,29.63,
1788444063.58,899.00,0.00,29.63,
1788444063.69,899.10,0.00,29.63,
1788444063.79,899.20,-0.00,29.63,
1788444063.89,899.30,-0.01,29.63,
1788444063.99,899.40,-0.00,29.63,
1788444064.09,899.50,-0.01,29.63,
1788444064.19,899.60,-0.00,29.63,
1788444064.29,899.70,0.00,29.63,
1788444064.40,899.80,-0.01,29.63,
1788444064.50,899.90,0.00,29.63,
1788444064.60,900.00,0.01,29.63,
1788444064.70,900.10,-0.01,29.63,
1788444064.80,900.20,0.00,29.63,
1788444064.91,900.30,-0.00,29.63,
1788444065.00,900.40,-0.01,29.63,
1788444065.11,900.50,0.00,29.63,
1788444065.21,900.60,0.01,29.63,
1788444065.31,900.70,0.00,29.63,
1788444065.41,900.80,0.01,29.63,
1788444065.52,900.90,0.01,29.63,
1788444065.62,901.00,0.00,29.63,
1788444065.72,901.10,0.00,29.63,
1788444065.82,901.20,0.00,29.63,
1788444065.92,901.30,0.00,29.63,
1788444066.02,901.40,0.00,29.63,
1788444066.12,901.50,0.01,29.63,
1788444066.22,901.60,0.00,29.63,
1788444066.33,901.70,-0.00,29.63,
1788444066.42,901.80,0.01,29.63,
1788444066.53,901.90,0.00,29.63,
1788444066.63,902.00,-0.00,29.63,
1788444066.73,902.10,0.01,29.63,
1788444066.83,902.20,0.00,29.63,
1788444066.93,902.30,-0.00,29.63,
1788444067.03,902.40,0.01,29.63,
1788444067.14,902.50,0.00,29.63,
1788444067.24,902.60,-0.01,29.63,
1788444067.34,902.70,0.00,29.63,
1788444067.44,902.80,0.00,29.63,
1788444067.54,902.90,0.00,29.63,
1788444067.65,903.00,0.00,29.63,
1788444067.74,903.10,0.00,29.63,
1788444067.84,903.20,0.00,29.63,
1788444067.95,903.30,-0.00,29.63,
1788444068.05,903.40,0.01,29.63,
1788444068.15,903.50,0.01,29.63,
1788444068.26,903.60,0.00,29.63,
1788444068.36,903.70,-0.01,29.63,
1788444068.46,903.80,0.00,29.63,
1788444068.56,903.90,0.00,29.63,
1788444068.66,904.00,-0.00,29.63,
1788444068.76,904.10,0.01,29.63,
1788444068.87,904.20,-0.00,29.63,
1788444068.97,904.30,0.00,29.63,
1788444069.07,904.40,0.00,29.63,
1788444069.17,904.50,0.00,29.63,
1788444069.27,904.60,-0.00,29.63,
1788444069.37,904.70,-0.00,29.63,
1788444069.47,904.80,0.00,29.63,
1788444069.57,904.90,0.00,29.63,
1788444069.67,905.00,-0.00,29.63,
1788444069.77,905.10,-0.00,29.63,
1788444069.87,905.20,-0.01,29.63,
1788444069.98,905.30,0.01,29.63,
1788444070.08,905.40,0.00,29.63,
1788444070.18,905.50,-0.00,29.63,
1788444070.28,905.60,0.00,29.63,
1788444070.38,905.70,-0.01,29.63,
1788444070.48,905.80,0.01,29.63,
1788444070.59,905.90,0.00,29.63,
1788444070.69,906.00,0.00,29.63,
1788444070.79,906.10,-0.00,29.63,
1788444070.89,906.20,0.00,29.63,
1788444070.99,906.30,0.01,29.63,
1788444071.09,906.40,-0.00,29.63,
1788444071.19,906.50,0.01,29.63,
1788444071.30,906.60,-0.00,29.63,
1788444071.39,906.70,-0.00,29.63,
1788444071.49,906.80,-0.01,29.63,
1788444071.60,906.90,0.00,29.63,
1788444071.70,907.00,-0.00,29.63,
1788444071.80,907.10,0.00,29.63,
1788444071.90,907.20,0.00,29.63,
1788444072.00,907.30,-0.00,29.63,
1788444072.10,907.40,0.01,29.63,
1788444072.21,907.50,-0.00,29.63,
1788444072.31,907.60,-0.00,29.63,
1788444072.41,907.70,-0.00,29.63,
1788444072.51,907.80,-0.01,29.63,
1788444072.61,907.90,-0.01,29.63,
1788444072.71,908.00,-0.00,29.63,
1788444072.81,908.10,-0.00,29.63,
1788444072.91,908.20,0.00,29.63,
1788444073.01,908.30,0.00,29.63,
1788444073.11,908.40,0.00,29.63,
1788444073.21,908.50,0.00,29.63,
1788444073.32,908.60,-0.00,29.63,
1788444073.42,908.70,0.00,29.63,
1788444073.52,908.80,-0.01,29.63,
1788444073.62,908.90,-0.00,29.63,
1788444073.72,909.00,-0.00,29.63,
1788444073.82,909.10,0.01,29.63,
1788444073.92,909.20,-0.01,29.63,
1788444074.02,909.30,0.00,29.63,
1788444074.12,909.40,0.01,29.63,
1788444074.22,909.50,0.00,29.63,
1788444074.32,909.60,0.00,29.63,
1788444074.43,909.70,0.01,29.63,
1788444074.53,909.80,-0.01,29.63,
1788444074.63,909.90,-0.00,29.63,
1788444074.73,910.00,-0.00,29.63,
1788444074.83,910.10,0.00,29.63,
1788444074.93,910.20,-0.00,29.63,
1788444075.03,910.30,-0.00,29.63,
1788444075.13,910.40,0.00,29.63,
1788444075.23,910.50,0.00,29.63,
1788444075.33,910.60,-0.00,29.63,
1788444075.43,910.70,0.00,29.63,
1788444075.53,910.80,-0.00,29.63,
1788444075.64,910.90,-0.00,29.63,
1788444075.74,911.00,0.00,29.63,
1788444075.84,911.10,0.01,29.63,
1788444075.94,911.20,0.00,29.63,
1788444076.05,911.30,-0.00,29.63,
1788444076.15,911.40,0.01,29.63,
1788444076.25,911.50,0.00,29.63,
1788444076.35,911.60,-0.00,29.63,
1788444076.45,911.70,0.01,29.63,
1788444076.55,911.80,0.00,29.63,
1788444076.65,911.90,-0.01,29.63,
1788444076.75,912.00,-0.00,29.63,
1788444076.85,912.10,0.00,29.63,
1788444076.96,912.20,-0.01,29.63,
1788444077.06,912.30,-0.00,29.63,
1788444077.16,912.40,-0.00,29.63,
1788444077.26,912.50,0.00,29.63,
1788444077.36,912.60,0.01,29.63,
1788444077.46,912.70,0.00,29.63,
1788444077.56,912.80,-0.00,29.63,
1788444077.67,912.90,-0.00,29.63,
1788444077.77,913.00,0.00,29.63,
1788444077.87,913.10,0.00,29.63,
1788444077.97,913.20,0.01,29.63,
1788444078.07,913.30,-0.00,29.63,
1788444078.17,913.40,0.00,29.63,
1788444078.27,913.50,0.01,29.63,
1788444078.37,913.60,-0.00,29.63,
1788444078.47,913.70,-0.00,29.63,
1788444078.57,913.80,0.00,29.63,
1788444078.68,913.90,-0.00,29.63,
1788444078.78,914.00,-0.01,29.63,
1788444078.88,914.10,0.00,29.63,
1788444078.98,914.20,0.01,29.63,
1788444079.08,914.30,0.00,29.63,
1788444079.18,914.40,-0.00,29.63,
1788444079.29,914.50,0.00,29.63,
1788444079.39,914.60,0.00,29.63,
1788444079.49,914.70,-0.00,29.63,
1788444079.59,914.80,0.00,29.63,
1788444079.69,914.90,-0.00,29.63,
1788444079.79,915.00,0.01,29.63,
1788444079.90,915.10,-0.00,29.63,
1788444079.99,915.20,-0.01,29.63,
1788444080.09,915.30,-0.00,29.63,
1788444080.19,915.40,-0.01,29.63,
1788444080.30,915.50,0.00,29.63,
1788444080.40,915.60,-0.00,29.63,
1788444080.50,915.70,-0.01,29.63,
1788444080.60,915.80,0.00,29.63,
1788444080.71,915.90,0.00,29.63,
1788444080.81,916.00,0.00,29.63,
1788444080.91,916.10,-0.00,29.63,
1788444081.01,916.20,-0.00,29.63,
1788444081.11,916.30,0.00,29.63,
1788444081.21,916.40,-0.01,29.63,
1788444081.31,916.50,0.00,29.63,
1788444081.41,916.60,0.00,29.63,
1788444081.51,916.70,-0.00,29.63,
1788444081.62,916.80,0.01,29.63,
1788444081.72,916.90,-0.00,29.63,
1788444081.82,917.00,-0.00,29.63,
1788444081.92,917.10,0.00,29.63,
1788444082.02,917.20,-0.00,29.63,
1788444082.12,917.30,-0.01,29.63,
1788444082.22,917.40,0.00,29.63,
1788444082.32,917.50,0.00,29.63,
1788444082.42,917.60,0.00,29.63,
1788444082.52,917.70,0.00,29.63,
1788444082.62,917.80,0.01,29.63,
1788444082.73,917.90,-0.01,29.63,
1788444082.83,918.00,0.00,29.63,
1788444082.93,918.10,0.00,29.63,
1788444083.03,918.20,-0.00,29.63,
1788444083.13,918.30,0.00,29.63,
1788444083.23,918.40,0.01,29.63,
1788444083.33,918.50,0.00,29.63,
1788444083.43,918.60,0.00,29.63,
1788444083.54,918.70,0.01,29.63,
1788444083.64,918.80,-0.01,29.63,
1788444083.74,918.90,0.00,29.63,
1788444083.84,919.00,0.00,29.63,
1788444083.95,919.10,0.00,29.63,
1788444084.04,919.20,-0.00,29.63,
1788444084.15,919.30,-0.00,29.63,
1788444084.25,919.40,-0.00,29.63,
1788444084.35,919.50,-0.00,29.63,
1788444084.45,919.60,-0.00,29.63,
1788444084.55,919.70,0.00,29.63,
1788444084.65,919.80,-0.01,29.63,
1788444084.75,919.90,0.00,29.63,
1788444084.85,920.00,-0.00,29.63,
1788444084.95,920.10,0.01,29.63,
1788444085.05,920.20,0.00,29.63,
1788444085.15,920.30,0.00,29.63,
1788444085.25,920.40,-0.00,29.63,
1788444085.36,920.50,0.00,29.63,
1788444085.46,920.60,-0.00,29.63,
1788444085.56,920.70,0.00,29.63,
1788444085.66,920.80,-0.01,29.63,
1788444085.76,920.90,0.00,29.63,
1788444085.86,921.00,-0.00,29.63,
1788444085.96,921.10,0.00,29.63,
1788444086.06,921.20,0.00,29.63,
1788444086.17,921.30,0.00,29.63,
1788444086.27,921.40,0.00,29.63,
1788444086.37,921.50,0.00,29.63,
1788444086.47,921.60,0.01,29.63,
1788444086.57,921.70,0.00,29.63,
1788444086.67,921.80,0.00,29.63,
1788444086.78,921.90,-0.00,29.63,
1788444086.88,922.00,-0.00,29.63,
1788444086.98,922.10,-0.00,29.63,
1788444087.08,922.20,-0.00,29.63,
1788444087.18,922.30,0.00,29.63,
1788444087.28,922.40,-0.00,29.63,
1788444087.39,922.50,0.00,29.63,
1788444087.49,922.60,-0.00,29.63,
1788444087.59,922.70,0.01,29.63,
1788444087.69,922.80,0.00,29.63,
1788444087.80,922.90,-0.00,29.63,
1788444087.90,923.00,0.00,29.63,
1788444088.00,923.10,-0.00,29.63,
1788444088.10,923.20,0.00,29.63,
1788444088.20,923.30,0.00,29.63,
1788444088.30,923.40,0.00,29.63,
1788444088.40,923.50,0.00,29.63,
1788444088.50,923.60,-0.00,29.63,
1788444088.60,923.70,0.01,29.63,
1788444088.70,923.80,0.00,29.63,
1788444088.80,923.90,-0.00,29.63,
1788444088.90,924.00,-0.00,29.63,
1788444089.00,924.10,-0.01,29.63,
1788444089.10,924.20,-0.00,29.63,
1788444089.21,924.30,-0.00,29.63,
1788444089.31,924.40,-0.00,29.63,
1788444089.41,924.50,-0.00,29.63,
1788444089.51,924.60,-0.00,29.63,
1788444089.61,924.70,-0.00,29.63,
1788444089.71,924.80,-0.00,29.63,
1788444089.81,924.90,0.01,29.63,
1788444089.92,925.00,0.00,29.63,
1788444090.02,925.10,-0.01,29.63,
1788444090.12,925.20,0.01,29.63,
1788444090.22,925.30,-0.01,29.63,
1788444090.32,925.40,-0.00,29.63,
1788444090.42,925.50,0.01,29.63,
1788444090.52,925.60,-0.01,29.63,
1788444090.62,925.70,-0.00,29.63,
1788444090.72,925.80,0.00,29.63,
1788444090.82,925.90,-0.01,29.63,
1788444090.93,926.00,-0.00,29.63,
1788444091.03,926.10,0.00,29.63,
1788444091.13,926.20,-0.01,29.63,
1788444091.23,926.30,0.01,29.63,
1788444091.33,926.40,0.01,29.63,
1788444091.43,926.50,0.00,29.63,
1788444091.53,926.60,0.00,29.63,
1788444091.63,926.70,0.00,29.63,
1788444091.73,926.80,-0.01,29.63,
1788444091.84,926.90,-0.00,29.63,
1788444091.94,927.00,-0.00,29.63,
1788444092.04,927.10,0.00,29.63,
1788444092.14,927.20,0.00,29.63,
1788444092.24,927.30,0.00,29.63,
1788444092.34,927.40,-0.00,29.63,
1788444092.45,927.50,0.00,29.63,
1788444092.55,927.60,0.01,29.63,
1788444092.65,927.70,0.00,29.63,
1788444092.75,927.80,-0.00,29.63,
1788444092.85,927.90,-0.00,29.63,
1788444092.96,928.00,-0.01,29.63,
1788444093.06,928.10,0.01,29.63,
1788444093.16,928.20,-0.00,29.63,
1788444093.26,928.30,0.00,29.63,
1788444093.36,928.40,0.00,29.63,
1788444093.46,928.50,-0.01,29.63,
1788444093.56,928.60,-0.01,29.63,
1788444093.66,928.70,-0.00,29.63,
1788444093.76,928.80,0.01,29.63,
1788444093.86,928.90,-0.01,29.63,
1788444093.96,929.00,0.00,29.63,
1788444094.06,929.10,-0.00,29.63,
1788444094.16,929.20,0.00,29.63,
1788444094.26,929.30,-0.01,29.63,
1788444094.37,929.40,-0.00,29.63,
1788444094.47,929.50,-0.00,29.63,
1788444094.57,929.60,-0.00,29.63,
1788444094.67,929.70,0.00,29.63,
1788444094.77,929.80,-0.00,29.63,
1788444094.87,929.90,0.00,29.63,
1788444094.97,930.00,-0.01,29.63,
1788444095.07,930.10,0.01,29.63,
1788444095.17,930.20,-0.00,29.63,
1788444095.27,930.30,0.00,29.63,
1788444095.37,930.40,0.01,29.63,
1788444095.47,930.50,0.00,29.63,
1788444095.57,930.60,-0.00,29.63,
1788444095.68,930.70,0.00,29.63,
1788444095.78,930.80,-0.01,29.63,
1788444095.88,930.90,0.01,29.63,
1788444095.98,931.00,0.00,29.63,
1788444096.08,931.10,0.00,29.63,
1788444096.18,931.20,-0.00,29.63,
1788444096.28,931.30,0.01,29.63,
1788444096.38,931.40,-0.00,29.63,
1788444096.48,931.50,0.00,29.63,
1788444096.58,931.60,-0.00,29.63,
1788444096.68,931.70,0.00,29.63,
1788444096.78,931.80,-0.00,29.63,
1788444096.88,931.90,0.00,29.63,
1788444096.98,932.00,0.00,29.63,
1788444097.08,932.10,-0.00,29.63,
1788444097.18,932.20,0.00,29.63,
1788444097.28,932.30,0.01,29.63,
1788444097.38,932.40,-0.01,29.63,
1788444097.48,932.50,0.01,29.63,
1788444097.59,932.60,0.01,29.63,
1788444097.69,932.70,0.00,29.63,
1788444097.79,932.80,0.00,29.63,
1788444097.89,932.90,0.00,29.63,
1788444097.99,933.00,-0.01,29.63,
1788444098.09,933.10,-0.00,29.63,
1788444098.19,933.20,0.00,29.63,
1788444098.29,933.30,0.00,29.63,
1788444098.39,933.40,0.00,29.63,
1788444098.50,933.50,0.01,29.63,
1788444098.60,933.60,-0.00,29.63,
1788444098.70,933.70,-0.01,29.63,
1788444098.80,933.80,0.01,29.63,
1788444098.90,933.90,0.00,29.63,
1788444099.00,934.00,-0.00,29.63,
1788444099.10,934.10,0.01,29.63,
1788444099.20,934.20,-0.01,29.63,
1788444099.30,934.30,0.01,29.63,
1788444099.40,934.40,0.01,29.63,
1788444099.50,934.50,0.00,29.63,
1788444099.60,934.60,-0.00,29.63,
1788444099.70,934.70,0.01,29.63,
1788444099.81,934.80,-0.01,29.63,
1788444099.91,934.90,0.00,29.63,
1788444100.01,935.00,-0.00,29.63,
1788444100.11,935.10,0.00,29.63,
1788444100.21,935.20,-0.00,29.63,
1788444100.31,935.30,-0.00,29.63,
1788444100.41,935.40,0.00,29.63,
1788444100.51,935.50,-0.01,29.63,
1788444100.62,935.60,0.01,29.63,
1788444100.72,935.70,-0.01,29.63,
1788444100.82,935.80,-0.00,29.63,
1788444100.92,935.90,0.00,29.63,
1788444101.02,936.00,0.00,29.63,
1788444101.12,936.10,-0.01,29.63,
1788444101.22,936.20,0.00,29.63,
1788444101.32,936.30,0.00,29.63,
1788444101.42,936.40,-0.00,29.63,
1788444101.52,936.50,-0.00,29.63,
1788444101.62,936.60,0.01,29.63,
1788444101.73,936.70,0.01,29.63,
1788444101.83,936.80,-0.01,29.63,
1788444101.93,936.90,0.01,29.63,
1788444102.03,937.00,0.00,29.63,
1788444102.13,937.10,-0.01,29.63,
1788444102.23,937.20,-0.00,29.63,
1788444102.34,937.30,0.01,29.63,
1788444102.43,937.40,-0.00,29.63,
1788444102.54,937.50,-0.00,29.63,
1788444102.64,937.60,-0.00,29.63,
1788444102.74,937.70,0.00,29.63,
1788444102.84,937.80,0.00,29.63,
1788444102.95,937.90,0.00,29.63,
1788444103.05,938.00,-0.00,29.63,
1788444103.15,938.10,0.00,29.63,
1788444103.25,938.20,-0.00,29.63,
1788444103.35,938.30,0.00,29.63,
1788444103.45,938.40,-0.01,29.63,
1788444103.55,938.50,0.00,29.63,
1788444103.65,938.60,0.00,29.63,
1788444103.76,938.70,-0.00,29.63,
1788444103.86,938.80,-0.00,29.63,
1788444103.96,938.90,-0.00,29.63,
1788444104.06,939.00,-0.00,29.63,
1788444104.16,939.10,-0.00,29.63,
1788444104.26,939.20,-0.00,29.63,
1788444104.36,939.30,-0.00,29.63,
1788444104.46,939.40,0.01,29.63,
1788444104.56,939.50,-0.00,29.63,
1788444104.67,939.60,-0.00,29.63,
1788444104.76,939.70,-0.01,29.63,
1788444104.87,939.80,0.00,29.63,
1788444104.97,939.90,0.00,29.63,
1788444105.07,940.00,0.00,29.63,
1788444105.17,940.10,0.00,29.63,
1788444105.27,940.20,-0.00,29.63,
1788444105.37,940.30,-0.00,29.63,
1788444105.47,940.40,-0.01,29.63,
1788444105.57,940.50,0.00,29.63,
1788444105.67,940.60,0.01,29.63,
1788444105.77,940.70,-0.01,29.63,
1788444105.87,940.80,0.00,29.63,
1788444105.98,940.90,-0.00,29.63,
1788444106.08,941.00,-0.00,29.63,
1788444106.18,941.10,0.00,29.63,
1788444106.28,941.20,-0.00,29.63,
1788444106.38,941.30,0.00,29.63,
1788444106.48,941.40,-0.00,29.63,
1788444106.58,941.50,-0.01,29.63,
1788444106.68,941.60,-0.00,29.63,
1788444106.78,941.70,-0.00,29.63,
1788444106.88,941.80,-0.00,29.63,
1788444106.99,941.90,0.01,29.63,
1788444107.09,942.00,-0.01,29.63,
1788444107.19,942.10,-0.01,29.63,
1788444107.29,942.20,-0.00,29.63,
1788444107.39,942.30,0.00,29.63,
1788444107.49,942.40,-0.00,29.63,
1788444107.59,942.50,-0.00,29.63,
1788444107.69,942.60,0.01,29.63,
1788444107.79,942.70,0.00,29.63,
1788444107.89,942.80,0.00,29.63,
1788444108.00,942.90,0.01,29.63,
1788444108.09,943.00,-0.00,29.63,
1788444108.20,943.10,-0.00,29.63,
1788444108.30,943.20,0.00,29.63,
1788444108.40,943.30,0.00,29.63,
1788444108.50,943.40,0.00,29.63,
1788444108.60,943.50,-0.00,29.63,
1788444108.70,943.60,0.00,29.63,
1788444108.80,943.70,0.00,29.63,
1788444108.90,943.80,-0.00,29.63,
1788444109.00,943.90,-0.00,29.63,
1788444109.11,944.00,-0.00,29.63,
1788444109.21,944.10,-0.01,29.63,
1788444109.31,944.20,-0.00,29.63,
1788444109.41,944.30,0.01,29.63,
1788444109.51,944.40,-0.01,29.63,
1788444109.61,944.50,0.00,29.63,
1788444109.71,944.60,-0.00,29.63,
1788444109.81,944.70,-0.00,29.63,
1788444109.91,944.80,0.00,29.63,
1788444110.01,944.90,-0.00,29.63,
1788444110.11,945.00,-0.01,29.63,
1788444110.21,945.10,-0.00,29.63,
1788444110.31,945.20,0.00,29.63,
1788444110.41,945.30,-0.01,29.63,
1788444110.51,945.40,-0.01,29.63,
1788444110.61,945.50,0.00,29.63,
1788444110.71,945.60,0.00,29.63,
1788444110.81,945.70,0.01,29.63,
1788444110.91,945.80,0.00,29.63,
1788444111.02,945.90,0.00,29.63,
1788444111.12,946.00,-0.01,29.63,
1788444111.22,946.10,0.01,29.63,
1788444111.32,946.20,0.01,29.63,
1788444111.42,946.30,-0.00,29.63,
1788444111.52,946.40,-0.00,29.63,
1788444111.62,946.50,0.00,29.63,
1788444111.72,946.60,0.01,29.63,
1788444111.83,946.70,0.00,29.63,
1788444111.93,946.80,0.01,29.63,
1788444112.02,946.90,-0.00,29.63,
1788444112.13,947.00,0.00,29.63,
1788444112.23,947.10,0.01,29.63,
1788444112.33,947.20,-0.01,29.63,
1788444112.43,947.30,0.00,29.63,
1788444112.53,947.40,0.01,29.63,
1788444112.63,947.50,-0.01,29.63,
1788444112.73,947.60,0.00,29.63,
1788444112.83,947.70,0.01,29.63,
1788444112.93,947.80,0.00,29.63,
1788444113.03,947.90,0.00,29.63,
1788444113.13,948.00,0.00,29.63,
1788444113.23,948.10,0.01,29.63,
1788444113.33,948.20,0.01,29.63,
1788444113.43,948.30,-0.01,29.63,
1788444113.54,948.40,0.01,29.63,
1788444113.64,948.50,0.00,29.63,
1788444113.74,948.60,-0.01,29.63,
1788444113.85,948.70,-0.00,29.63,
1788444113.95,948.80,0.00,29.63,
1788444114.04,948.90,-0.01,29.63,
1788444114.15,949.00,-0.00,29.63,
1788444114.25,949.10,-0.00,29.63,
1788444114.35,949.20,0.01,29.63,
1788444114.45,949.30,0.00,29.63,
1788444114.55,949.40,0.00,29.63,
1788444114.65,949.50,0.00,29.63,
1788444114.76,949.60,-0.00,29.63,
1788444114.86,949.70,0.00,29.63,
1788444114.96,949.80,0.00,29.63,
1788444115.06,949.90,0.00,29.63,
1788444115.16,950.00,0.00,29.63,
1788444115.26,950.10,0.01,29.63,
1788444115.36,950.20,-0.00,29.63,
1788444115.46,950.30,-0.00,29.63,
1788444115.56,950.40,0.00,29.63,
1788444115.67,950.50,-0.00,29.63,
1788444115.77,950.60,-0.00,29.63,
1788444115.86,950.70,-0.00,29.63,
1788444115.97,950.80,0.00,29.63,
1788444116.07,950.90,0.00,29.63,
1788444116.17,951.00,0.01,29.63,
1788444116.27,951.10,-0.01,29.63,
1788444116.37,951.20,0.00,29.63,
1788444116.48,951.30,-0.00,29.63,
1788444116.58,951.40,-0.00,29.63,
1788444116.68,951.50,-0.01,29.63,
1788444116.78,951.60,0.01,29.63,
1788444116.88,951.70,0.00,29.63,
1788444116.98,951.80,-0.01,29.63,
1788444117.08,951.90,0.01,29.63,
1788444117.18,952.00,0.00,29.63,
1788444117.28,952.10,-0.00,29.63,
1788444117.38,952.20,0.00,29.63,
1788444117.49,952.30,-0.00,29.63,
1788444117.58,952.40,0.00,29.63,
1788444117.69,952.50,0.00,29.63,
1788444117.79,952.60,0.00,29.63,
1788444117.90,952.70,0.00,29.63,
1788444117.99,952.80,0.00,29.63,
1788444118.09,952.90,0.01,29.63,
1788444118.19,953.00,0.00,29.63,
1788444118.29,953.10,-0.00,29.63,
1788444118.40,953.20,-0.00,29.63,
1788444118.50,953.30,-0.00,29.63,
1788444118.60,953.40,-0.01,29.63,
1788444118.70,953.50,0.00,29.63,
1788444118.80,953.60,-0.00,29.63,
1788444118.90,953.70,-0.00,29.63,
1788444119.00,953.80,0.00,29.63,
1788444119.10,953.90,-0.01,29.63,
1788444119.20,954.00,0.00,29.63,
1788444119.31,954.10,-0.00,29.63,
1788444119.41,954.20,-0.00,29.63,
1788444119.51,954.30,-0.01,29.63,
1788444119.61,954.40,-0.00,29.63,
1788444119.71,954.50,-0.00,29.63,
1788444119.81,954.60,-0.01,29.63,
1788444119.91,954.70,0.00,29.63,
1788444120.01,954.80,0.01,29.63,
1788444120.11,954.90,0.01,29.63,
1788444120.21,955.00,-0.00,29.63,
1788444120.31,955.10,-0.01,29.63,
1788444120.41,955.20,-0.00,29.63,
1788444120.51,955.30,-0.00,29.63,
1788444120.61,955.40,0.00,29.63,
1788444120.72,955.50,-0.01,29.63,
1788444120.82,955.60,-0.00,29.63,
1788444120.92,955.70,-0.01,29.63,
1788444121.02,955.80,0.00,29.63,
1788444121.12,955.90,-0.00,29.63,
1788444121.23,956.00,0.00,29.63,
1788444121.32,956.10,-0.00,29.63,
1788444121.43,956.20,0.01,29.63,
1788444121.53,956.30,-0.01,29.63,
1788444121.63,956.40,0.00,29.63,
1788444121.73,956.50,0.01,29.63,
1788444121.83,956.60,-0.01,29.63,
1788444121.93,956.70,-0.00,29.63,
1788444122.03,956.80,-0.00,29.63,
1788444122.13,956.90,-0.01,29.63,
1788444122.23,957.00,0.01,29.63,
1788444122.33,957.10,0.00,29.63,
1788444122.43,957.20,-0.01,29.63,
1788444122.53,957.30,-0.01,29.63,
1788444122.63,957.40,0.00,29.63,
1788444122.73,957.50,-0.00,29.63,
1788444122.83,957.60,0.00,29.63,
1788444122.94,957.70,0.01,29.63,
1788444123.04,957.80,-0.01,29.63,
1788444123.14,957.90,0.00,29.63,
1788444123.24,958.00,-0.00,29.63,
1788444123.34,958.10,-0.00,29.63,
1788444123.45,958.20,0.00,29.63,
1788444123.54,958.30,0.01,29.63,
1788444123.65,958.40,0.00,29.63,
1788444123.75,958.50,-0.00,29.63,
1788444123.85,958.60,0.00,29.63,
1788444123.95,958.70,-0.00,29.63,
1788444124.05,958.80,-0.01,29.63,
1788444124.15,958.90,0.00,29.63,
1788444124.25,959.00,0.00,29.63,
1788444124.36,959.10,-0.00,29.63,
1788444124.46,959.20,0.00,29.63,
1788444124.56,959.30,0.01,29.63,
1788444124.66,959.40,-0.00,29.63,
1788444124.76,959.50,0.00,29.63,
1788444124.86,959.60,-0.00,29.63,
1788444124.97,959.70,0.00,29.63,
1788444125.07,959.80,0.00,29.63,
1788444125.17,959.90,0.00,29.63,
1788444125.27,960.00,-0.00,29.63,
1788444125.37,960.10,-0.01,29.63,
1788444125.47,960.20,-0.01,29.63,
1788444125.57,960.30,0.00,29.63,
1788444125.67,960.40,0.00,29.63,
1788444125.78,960.50,-0.00,29.63,
1788444125.87,960.60,-0.00,29.63,
1788444125.98,960.70,0.00,29.63,
1788444126.08,960.80,-0.00,29.63,
1788444126.18,960.90,0.00,29.63,
1788444126.28,961.00,-0.00,29.63,
1788444126.39,961.10,0.00,29.63,
1788444126.48,961.20,-0.00,29.63,
1788444126.58,961.30,0.00,29.63,
1788444126.69,961.40,-0.00,29.63,
1788444126.79,961.50,0.01,29.63,
1788444126.89,961.60,-0.01,29.63,
1788444126.99,961.70,0.01,29.63,
1788444127.09,961.80,-0.00,29.63,
1788444127.19,961.90,0.00,29.63,
1788444127.29,962.00,-0.00,29.63,
1788444127.39,962.10,-0.00,29.63,
1788444127.49,962.20,-0.01,29.63,
1788444127.59,962.30,-0.00,29.63,
1788444127.69,962.40,0.01,29.63,
1788444127.80,962.50,-0.00,29.63,
1788444127.90,962.60,0.01,29.63,
1788444128.00,962.70,-0.00,29.63,
1788444128.10,962.80,0.00,29.63,
1788444128.20,962.90,0.00,29.63,
1788444128.30,963.00,0.00,29.63,
1788444128.40,963.10,0.00,29.63,
1788444128.51,963.20,-0.00,29.63,
1788444128.61,963.30,-0.01,29.63,
1788444128.71,963.40,-0.00,29.63,
1788444128.81,963.50,0.00,29.63,
1788444128.91,963.60,-0.00,29.63,
1788444129.01,963.70,0.01,29.63,
1788444129.11,963.80,-0.01,29.63,
1788444129.21,963.90,0.00,29.63,
1788444129.31,964.00,0.01,29.63,
1788444129.42,964.10,0.00,29.63,
1788444129.52,964.20,0.00,29.63,
1788444129.62,964.30,0.01,29.63,
1788444129.72,964.40,0.00,29.63,
1788444129.82,964.50,-0.00,29.63,
1788444129.93,964.60,0.01,29.63,
1788444130.03,964.70,-0.01,29.63,
1788444130.13,964.80,0.00,29.63,
1788444130.23,964.90,0.01,29.63,
1788444130.33,965.00,-0.00,29.63,
1788444130.43,965.10,-0.00,29.63,
1788444130.53,965.20,0.00,29.63,
1788444130.64,965.30,-0.00,29.63,
1788444130.74,965.40,-0.00,29.63,
1788444130.84,965.50,-0.00,29.63,
1788444130.94,965.60,0.00,29.63,
1788444131.04,965.70,-0.00,29.63,
1788444131.14,965.80,0.00,29.63,
1788444131.24,965.90,0.00,29.63,
1788444131.34,966.00,-0.01,29.63,
1788444131.45,966.10,0.00,29.63,
1788444131.55,966.20,0.01,29.63,
1788444131.65,966.30,-0.00,29.63,
1788444131.75,966.40,-0.01,29.63,
1788444131.85,966.50,0.00,29.63,
1788444131.95,966.60,0.01,29.63,
1788444132.05,966.70,-0.00,29.63,
1788444132.15,966.80,-0.01,29.63,
1788444132.26,966.90,-0.00,29.63,
1788444132.35,967.00,0.00,29.63,
1788444132.46,967.10,-0.01,29.63,
1788444132.56,967.20,0.01,29.63,
1788444132.66,967.30,0.00,29.63,
1788444132.76,967.40,-0.01,29.63,
1788444132.86,967.50,-0.01,29.63,
1788444132.96,967.60,0.01,29.63,
1788444133.06,967.70,-0.01,29.63,
1788444133.16,967.80,0.00,29.63,
1788444133.26,967.90,0.00,29.63,
1788444133.36,968.00,-0.00,29.63,
1788444133.46,968.10,-0.01,29.63,
1788444133.56,968.20,0.00,29.63,
1788444133.67,968.30,-0.00,29.63,
1788444133.76,968.40,-0.01,29.63,
1788444133.86,968.50,0.00,29.63,
1788444133.97,968.60,0.01,29.63,
1788444134.06,968.70,0.00,29.63,
1788444134.17,968.80,-0.00,29.63,
1788444134.27,968.90,-0.00,29.63,
1788444134.37,969.00,-0.00,29.63,
1788444134.47,969.10,-0.00,29.63,
1788444134.57,969.20,-0.00,29.63,
1788444134.67,969.30,0.00,29.63,
1788444134.77,969.40,-0.01,29.63,
1788444134.87,969.50,0.01,29.63,
1788444134.97,969.60,0.01,29.63,
1788444135.07,969.70,0.00,29.63,
1788444135.18,969.80,0.00,29.63,
1788444135.27,969.90,-0.00,29.63,
1788444135.37,970.00,-0.00,29.63,
1788444135.48,970.10,-0.00,29.63,
1788444135.58,970.20,-0.01,29.63,
1788444135.68,970.30,-0.00,29.63,
1788444135.78,970.40,0.00,29.63,
1788444135.88,970.50,0.00,29.63,
1788444135.98,970.60,0.00,29.63,
1788444136.08,970.70,0.00,29.63,
1788444136.18,970.80,-0.01,29.63,
1788444136.29,970.90,-0.00,29.63,
1788444136.39,971.00,0.01,29.63,
1788444136.49,971.10,0.00,29.63,
1788444136.59,971.20,0.00,29.63,
1788444136.69,971.30,0.01,29.63,
1788444136.79,971.40,0.00,29.63,
1788444136.89,971.50,0.00,29.63,
1788444136.99,971.60,0.01,29.63,
1788444137.09,971.70,-0.00,29.63,
1788444137.19,971.80,-0.01,29.63,
1788444137.30,971.90,0.01,29.63,
1788444137.40,972.00,-0.01,29.63,
1788444137.50,972.10,-0.00,29.63,
1788444137.60,972.20,0.01,29.63,
1788444137.70,972.30,0.00,29.63,
1788444137.80,972.40,0.00,29.63,
1788444137.90,972.50,0.00,29.63,
1788444138.00,972.60,-0.00,29.63,
1788444138.10,972.70,0.00,29.63,
1788444138.20,972.80,-0.00,29.63,
1788444138.30,972.90,0.01,29.63,
1788444138.40,973.00,-0.00,29.63,
1788444138.50,973.10,0.00,29.63,
1788444138.61,973.20,-0.01,29.63,
1788444138.71,973.30,0.00,29.63,
1788444138.81,973.40,-0.00,29.63,
1788444138.91,973.50,0.00,29.63,
1788444139.01,973.60,-0.00,29.63,
1788444139.11,973.70,-0.00,29.63,
1788444139.21,973.80,0.00,29.63,
1788444139.31,973.90,-0.00,29.63,
1788444139.41,974.00,-0.00,29.63,
1788444139.51,974.10,0.00,29.63,
1788444139.62,974.20,0.00,29.63,
1788444139.72,974.30,-0.01,29.63,
1788444139.82,974.40,0.00,29.63,
1788444139.92,974.50,0.00,29.63,
1788444140.02,974.60,0.01,29.63,
1788444140.12,974.70,0.00,29.63,
1788444140.22,974.80,0.01,29.63,
1788444140.32,974.90,0.00,29.63,
1788444140.42,975.00,-0.01,29.63,
1788444140.52,975.10,-0.00,29.63,
1788444140.62,975.20,-0.00,29.63,
1788444140.73,975.30,-0.01,29.63,
1788444140.83,975.40,0.01,29.63,
1788444140.93,975.50,-0.01,29.63,
1788444141.03,975.60,0.00,29.63,
1788444141.13,975.70,0.00,29.63,
1788444141.23,975.80,0.00,29.63,
1788444141.33,975.90,0.01,29.63,
1788444141.43,976.00,0.01,29.63,
1788444141.54,976.10,0.00,29.63,
1788444141.64,976.20,0.00,29.63,
1788444141.74,976.30,0.00,29.63,
1788444141.84,976.40,-0.01,29.63,
1788444141.94,976.50,0.00,29.63,
1788444142.04,976.60,-0.00,29.63,
1788444142.14,976.70,-0.00,29.63,
1788444142.24,976.80,-0.00,29.63,
1788444142.34,976.90,0.01,29.63,
1788444142.44,977.00,0.00,29.63,
1788444142.55,977.10,-0.00,29.63,
1788444142.65,977.20,0.00,29.63,
1788444142.75,977.30,0.01,29.63,
1788444142.85,977.40,-0.01,29.63,
1788444142.95,977.50,0.00,29.63,
1788444143.05,977.60,-0.00,29.63,
1788444143.15,977.70,-0.00,29.63,
1788444143.25,977.80,-0.00,29.63,
1788444143.35,977.90,-0.00,29.63,
1788444143.45,978.00,-0.01,29.63,
1788444143.56,978.10,0.00,29.63,
1788444143.66,978.20,-0.00,29.63,
1788444143.76,978.30,0.00,29.63,
1788444143.86,978.40,-0.00,29.63,
1788444143.96,978.50,-0.00,29.63,
1788444144.07,978.60,0.00,29.63,
1788444144.17,978.70,-0.00,29.63,
1788444144.27,978.80,-0.00,29.63,
1788444144.37,978.90,-0.00,29.63,
1788444144.48,979.00,0.00,29.63,
1788444144.58,979.10,0.01,29.63,
1788444144.68,979.20,-0.00,29.63,
1788444144.78,979.30,-0.01,29.63,
1788444144.88,979.40,0.00,29.63,
1788444144.99,979.50,0.01,29.63,
1788444145.09,979.60,-0.00,29.63,
1788444145.19,979.70,0.01,29.63,
1788444145.29,979.80,-0.00,29.63,
1788444145.39,979.90,0.01,29.63,
1788444145.49,980.00,0.00,29.63,
1788444145.59,980.10,0.01,29.63,
1788444145.69,980.20,-0.00,29.63,
1788444145.79,980.30,-0.01,29.63,
1788444145.90,980.40,-0.00,29.63,
1788444146.00,980.50,0.00,29.63,
1788444146.10,980.60,-0.00,29.63,
1788444146.20,980.70,0.00,29.63,
1788444146.31,980.80,0.00,29.63,
1788444146.41,980.90,-0.01,29.63,
1788444146.51,981.00,-0.00,29.63,
1788444146.61,981.10,-0.01,29.63,
1788444146.71,981.20,-0.00,29.63,
1788444146.81,981.30,0.00,29.63,
1788444146.91,981.40,-0.00,29.63,
1788444147.01,981.50,-0.01,29.63,
1788444147.12,981.60,0.00,29.63,
1788444147.22,981.70,0.00,29.63,
1788444147.32,981.80,-0.01,29.63,
1788444147.42,981.90,0.01,29.63,
1788444147.52,982.00,0.00,29.63,
1788444147.62,982.10,-0.00,29.63,
1788444147.72,982.20,0.00,29.63,
1788444147.83,982.30,-0.01,29.63,
1788444147.93,982.40,0.00,29.63,
1788444148.03,982.50,0.00,29.63,
1788444148.13,982.60,-0.00,29.63,
1788444148.23,982.70,-0.00,29.63,
1788444148.33,982.80,-0.00,29.63,
1788444148.43,982.90,-0.01,29.63,
1788444148.53,983.00,0.01,29.63,
1788444148.64,983.10,0.00,29.63,
1788444148.74,983.20,-0.01,29.63,
1788444148.84,983.30,-0.01,29.63,
1788444148.94,983.40,-0.00,29.63,
1788444149.04,983.50,-0.00,29.63,
1788444149.14,983.60,-0.01,29.63,
1788444149.25,983.70,-0.01,29.63,
1788444149.35,983.80,-0.01,29.63,
1788444149.45,983.90,-0.00,29.63,
1788444149.55,984.00,0.00,29.63,
1788444149.65,984.10,0.00,29.63,
1788444149.75,984.20,-0.00,29.63,
1788444149.85,984.30,-0.00,29.63,
1788444149.95,984.40,-0.00,29.63,
1788444150.06,984.50,-0.00,29.63,
1788444150.16,984.60,0.01,29.63,
1788444150.26,984.70,0.00,29.63,
1788444150.36,984.80,-0.00,29.63,
1788444150.46,984.90,-0.00,29.63,
1788444150.56,985.00,0.00,29.63,
1788444150.66,985.10,-0.00,29.63,
1788444150.77,985.20,-0.00,29.63,
1788444150.87,985.30,0.00,29.63,
1788444150.97,985.40,-0.00,29.63,
1788444151.07,985.50,0.01,29.63,
1788444151.17,985.60,-0.00,29.63,
1788444151.27,985.70,-0.00,29.63,
1788444151.38,985.80,-0.00,29.63,
1788444151.48,985.90,0.00,29.63,
1788444151.58,986.00,-0.00,29.63,
1788444151.68,986.10,0.01,29.63,
1788444151.78,986.20,0.00,29.63,
1788444151.88,986.30,-0.00,29.63,
1788444151.98,986.40,-0.01,29.63,
1788444152.08,986.50,-0.00,29.63,
1788444152.19,986.60,0.00,29.63,
1788444152.29,986.70,-0.01,29.63,
1788444152.39,986.80,0.00,29.63,
1788444152.49,986.90,0.00,29.63,
1788444152.59,987.00,0.00,29.63,
1788444152.70,987.10,-0.00,29.63,
1788444152.80,987.20,0.00,29.63,
1788444152.90,987.30,-0.00,29.63,
1788444153.00,987.40,-0.00,29.63,
1788444153.10,987.50,0.00,29.63,
1788444153.20,987.60,0.00,29.63,
1788444153.30,987.70,0.01,29.63,
1788444153.40,987.80,0.01,29.63,
1788444153.50,987.90,-0.01,29.63,
1788444153.60,988.00,0.00,29.63,
1788444153.70,988.10,0.00,29.63,
1788444153.80,988.20,-0.01,29.63,
1788444153.90,988.30,-0.00,29.63,
1788444154.01,988.40,0.00,29.63,
1788444154.10,988.50,-0.00,29.63,
1788444154.20,988.60,0.01,29.63,
1788444154.31,988.70,-0.00,29.63,
1788444154.41,988.80,-0.00,29.63,
1788444154.51,988.90,-0.00,29.63,
1788444154.61,989.00,-0.00,29.63,
1788444154.71,989.10,-0.01,29.63,
1788444154.81,989.20,0.01,29.63,
1788444154.91,989.30,0.00,29.63,
1788444155.02,989.40,-0.01,29.63,
1788444155.11,989.50,0.00,29.63,
1788444155.22,989.60,0.00,29.63,
1788444155.32,989.70,0.01,29.63,
1788444155.42,989.80,0.00,29.63,
1788444155.52,989.90,-0.00,29.63,
1788444155.62,990.00,-0.01,29.63,
1788444155.73,990.10,-0.00,29.63,
1788444155.83,990.20,0.01,29.63,
1788444155.93,990.30,-0.01,29.63,
1788444156.03,990.40,0.00,29.63,
1788444156.13,990.50,-0.01,29.63,
1788444156.23,990.60,-0.00,29.63,
1788444156.33,990.70,-0.01,29.63,
1788444156.43,990.80,-0.01,29.63,
1788444156.53,990.90,0.01,29.63,
1788444156.64,991.00,-0.00,29.63,
1788444156.74,991.10,-0.00,29.63,
1788444156.84,991.20,0.01,29.63,
1788444156.94,991.30,0.01,29.63,
1788444157.04,991.40,-0.01,29.63,
1788444157.14,991.50,0.00,29.63,
1788444157.24,991.60,0.01,29.63,
1788444157.34,991.70,-0.00,29.63,
1788444157.44,991.80,-0.00,29.63,
1788444157.54,991.90,0.01,29.63,
1788444157.64,992.00,-0.01,29.63,
1788444157.74,992.10,0.00,29.63,
1788444157.85,992.20,-0.00,29.63,
1788444157.95,992.30,-0.01,29.63,
1788444158.05,992.40,0.00,29.63,
1788444158.15,992.50,0.01,29.63,
1788444158.25,992.60,-0.01,29.63,
1788444158.36,992.70,-0.01,29.63,
1788444158.45,992.80,0.00,29.63,
1788444158.56,992.90,0.01,29.63,
1788444158.66,993.00,0.00,29.63,
1788444158.76,993.10,-0.00,29.63,
1788444158.86,993.20,0.00,29.63,
1788444158.96,993.30,0.00,29.63,
1788444159.06,993.40,0.00,29.63,
1788444159.16,993.50,0.01,29.63,
1788444159.26,993.60,0.01,29.63,
1788444159.36,993.70,0.00,29.63,
1788444159.46,993.80,0.00,29.63,
1788444159.56,993.90,0.00,29.63,
1788444159.66,994.00,-0.01,29.63,
1788444159.77,994.10,-0.00,29.63,
1788444159.86,994.20,0.01,29.63,
1788444159.97,994.30,0.00,29.63,
1788444160.07,994.40,-0.00,29.63,
1788444160.17,994.50,-0.00,29.63,
1788444160.27,994.60,0.00,29.63,
1788444160.37,994.70,-0.00,29.63,
1788444160.47,994.80,-0.01,29.63,
1788444160.57,994.90,0.01,29.63,
1788444160.67,995.00,0.00,29.63,
1788444160.77,995.10,-0.01,29.63,
1788444160.88,995.20,-0.00,29.63,
1788444160.98,995.30,-0.00,29.63,
1788444161.08,995.40,-0.01,29.63,
1788444161.18,995.50,-0.00,29.63,
1788444161.28,995.60,0.00,29.63,
1788444161.38,995.70,-0.00,29.63,
1788444161.49,995.80,-0.00,29.63,
1788444161.59,995.90,0.00,29.63,
1788444161.69,996.00,0.01,29.63,
1788444161.79,996.10,-0.01,29.63,
1788444161.89,996.20,-0.00,29.63,
1788444161.99,996.30,-0.01,29.63,
1788444162.10,996.40,0.00,29.63,
1788444162.20,996.50,0.00,29.63,
1788444162.30,996.60,0.00,29.63,
1788444162.40,996.70,-0.00,29.63,
1788444162.50,996.80,0.01,29.63,
1788444162.60,996.90,-0.00,29.63,
1788444162.70,997.00,0.01,29.63,
1788444162.80,997.10,-0.01,29.63,
1788444162.91,997.20,-0.01,29.63,
1788444163.01,997.30,0.00,29.63,
1788444163.11,997.40,-0.00,29.63,
1788444163.21,997.50,0.00,29.63,
1788444163.31,997.60,0.00,29.63,
1788444163.42,997.70,0.00,29.63,
1788444163.52,997.80,0.00,29.63,
1788444163.62,997.90,-0.00,29.63,
1788444163.72,998.00,0.01,29.63,
1788444163.82,998.10,0.00,29.63,
1788444163.92,998.20,0.00,29.63,
1788444164.03,998.30,0.01,29.63,
1788444164.12,998.40,0.00,29.63,
1788444164.23,998.50,0.00,29.63,
1788444164.33,998.60,0.01,29.63,
1788444164.43,998.70,0.01,29.63,
1788444164.53,998.80,-0.00,29.63,
1788444164.63,998.90,-0.00,29.63,
1788444164.73,999.00,0.01,29.63,
1788444164.83,999.10,0.01,29.63,
1788444164.94,999.20,-0.01,29.63,
1788444165.04,999.30,0.00,29.63,
1788444165.14,999.40,-0.00,29.63,
1788444165.24,999.50,0.00,29.63,
1788444165.34,999.60,0.01,29.63,
1788444165.44,999.70,-0.00,29.63,
1788444165.54,999.80,-0.01,29.63,
1788444165.64,999.90,0.00,29.63,
1788444165.74,1000.00,-0.00,29.63,
1788444165.84,1000.10,-0.01,29.63,
1788444165.94,1000.20,0.01,29.63,
1788444166.04,1000.30,0.01,29.63,
1788444166.14,1000.40,-0.00,29.63,
1788444166.25,1000.50,0.00,29.63,
1788444166.35,1000.60,-0.00,29.63,
1788444166.45,1000.70,0.00,29.63,
1788444166.55,1000.80,-0.01,29.63,
1788444166.65,1000.90,-0.00,29.63,
1788444166.75,1001.00,0.00,29.63,
1788444166.85,1001.10,-0.01,29.63,
1788444166.95,1001.20,-0.00,29.63,
1788444167.05,1001.30,0.01,29.63,
1788444167.15,1001.40,-0.01,29.63,
1788444167.26,1001.50,0.00,29.63,
1788444167.36,1001.60,0.00,29.63,
1788444167.46,1001.70,-0.00,29.63,
1788444167.56,1001.80,-0.00,29.63,
1788444167.66,1001.90,0.00,29.63,
1788444167.76,1002.00,0.00,29.63,
1788444167.86,1002.10,-0.00,29.63,
1788444167.96,1002.20,-0.00,29.63,
1788444168.07,1002.30,-0.00,29.63,
1788444168.17,1002.40,0.00,29.63,
1788444168.27,1002.50,0.00,29.63,
1788444168.37,1002.60,0.00,29.63,
1788444168.47,1002.70,0.00,29.63,
1788444168.57,1002.80,0.01,29.63,
1788444168.68,1002.90,0.00,29.63,
1788444168.78,1003.00,-0.00,29.63,
1788444168.87,1003.10,-0.00,29.63,
1788444168.98,1003.20,0.01,29.63,
1788444169.07,1003.30,-0.01,29.63,
1788444169.18,1003.40,0.01,29.63,
1788444169.28,1003.50,-0.00,29.63,
1788444169.38,1003.60,-0.00,29.63,
1788444169.48,1003.70,0.01,29.63,
1788444169.58,1003.80,0.01,29.63,
1788444169.68,1003.90,-0.00,29.63,
1788444169.79,1004.00,-0.00,29.63,
1788444169.89,1004.10,0.00,29.63,
1788444169.99,1004.20,-0.01,29.63,
1788444170.09,1004.30,0.00,29.63,
1788444170.19,1004.40,-0.00,29.63,
1788444170.29,1004.50,0.00,29.63,
1788444170.40,1004.60,0.00,29.63,
1788444170.50,1004.70,0.01,29.63,
1788444170.60,1004.80,-0.01,29.63,
1788444170.70,1004.90,-0.00,29.63,
1788444170.80,1005.00,0.00,29.63,
1788444170.90,1005.10,-0.01,29.63,
1788444171.01,1005.20,-0.00,29.63,
1788444171.11,1005.30,-0.00,29.63,
1788444171.21,1005.40,-0.01,29.63,
1788444171.31,1005.50,0.00,29.63,
1788444171.41,1005.60,0.00,29.63,
1788444171.51,1005.70,-0.01,29.63,
1788444171.61,1005.80,0.00,29.63,
1788444171.71,1005.90,0.01,29.63,
1788444171.81,1006.00,0.00,29.63,
1788444171.91,1006.10,-0.01,29.63,
1788444172.02,1006.20,-0.00,29.63,
1788444172.12,1006.30,0.01,29.63,
1788444172.22,1006.40,-0.00,29.63,
1788444172.32,1006.50,-0.00,29.63,
1788444172.42,1006.60,-0.00,29.63,
1788444172.52,1006.70,-0.00,29.63,
1788444172.62,1006.80,0.00,29.63,
1788444172.72,1006.90,-0.00,29.63,
1788444172.82,1007.00,0.00,29.63,
1788444172.92,1007.10,-0.00,29.63,
1788444173.07,1007.20,0.00,29.63,
1788444173.16,1007.30,0.01,29.63,
1788444173.25,1007.40,-0.00,29.63,
1788444173.35,1007.50,-0.00,29.63,
1788444173.46,1007.60,0.01,29.63,
1788444173.56,1007.70,-0.00,29.63,
1788444173.66,1007.80,0.00,29.63,
1788444173.76,1007.90,-0.00,29.63,
1788444173.86,1008.00,0.01,29.63,
1788444173.96,1008.10,-0.01,29.63,
1788444174.06,1008.20,0.00,29.63,
1788444174.17,1008.30,-0.00,29.63,
1788444174.27,1008.40,-0.01,29.63,
1788444174.37,1008.50,0.00,29.63,
1788444174.47,1008.60,0.00,29.63,
1788444174.57,1008.70,-0.00,29.63,
1788444174.67,1008.80,-0.00,29.63,
1788444174.78,1008.90,0.00,29.63,
1788444174.87,1009.00,0.01,29.63,
1788444174.98,1009.10,-0.00,29.63,
1788444175.08,1009.20,0.01,29.63,
1788444175.18,1009.30,0.00,29.63,
1788444175.29,1009.40,-0.00,29.63,
1788444175.39,1009.50,0.01,29.63,
